CODE_POSTAL,NUM_DEPT,NOM_DEPT,NOM_REGION
1000,01,Ain,Auvergne-Rhône-Alpes
1050,01,Ain,Auvergne-Rhône-Alpes
1100,01,Ain,Auvergne-Rhône-Alpes
1150,01,Ain,Auvergne-Rhône-Alpes
1200,01,Ain,Auvergne-Rhône-Alpes
1250,01,Ain,Auvergne-Rhône-Alpes
1300,01,Ain,Auvergne-Rhône-Alpes
1350,01,Ain,Auvergne-Rhône-Alpes
1400,01,Ain,Auvergne-Rhône-Alpes
1450,01,Ain,Auvergne-Rhône-Alpes
1500,01,Ain,Auvergne-Rhône-Alpes
1550,01,Ain,Auvergne-Rhône-Alpes
1600,01,Ain,Auvergne-Rhône-Alpes
1650,01,Ain,Auvergne-Rhône-Alpes
1700,01,Ain,Auvergne-Rhône-Alpes
1750,01,Ain,Auvergne-Rhône-Alpes
1800,01,Ain,Auvergne-Rhône-Alpes
1850,01,Ain,Auvergne-Rhône-Alpes
1900,01,Ain,Auvergne-Rhône-Alpes
1950,01,Ain,Auvergne-Rhône-Alpes
2000,02,Aisne,Hauts-de-France
2050,02,Aisne,Hauts-de-France
2100,02,Aisne,Hauts-de-France
2150,02,Aisne,Hauts-de-France
2200,02,Aisne,Hauts-de-France
2250,02,Aisne,Hauts-de-France
2300,02,Aisne,Hauts-de-France
2350,02,Aisne,Hauts-de-France
2400,02,Aisne,Hauts-de-France
2450,02,Aisne,Hauts-de-France
2500,02,Aisne,Hauts-de-France
2550,02,Aisne,Hauts-de-France
2600,02,Aisne,Hauts-de-France
2650,02,Aisne,Hauts-de-France
2700,02,Aisne,Hauts-de-France
2750,02,Aisne,Hauts-de-France
2800,02,Aisne,Hauts-de-France
2850,02,Aisne,Hauts-de-France
2900,02,Aisne,Hauts-de-France
2950,02,Aisne,Hauts-de-France
3000,03,Allier,Auvergne-Rhône-Alpes
3050,03,Allier,Auvergne-Rhône-Alpes
3100,03,Allier,Auvergne-Rhône-Alpes
3150,03,Allier,Auvergne-Rhône-Alpes
3200,03,Allier,Auvergne-Rhône-Alpes
3250,03,Allier,Auvergne-Rhône-Alpes
3300,03,Allier,Auvergne-Rhône-Alpes
3350,03,Allier,Auvergne-Rhône-Alpes
3400,03,Allier,Auvergne-Rhône-Alpes
3450,03,Allier,Auvergne-Rhône-Alpes
3500,03,Allier,Auvergne-Rhône-Alpes
3550,03,Allier,Auvergne-Rhône-Alpes
3600,03,Allier,Auvergne-Rhône-Alpes
3650,03,Allier,Auvergne-Rhône-Alpes
3700,03,Allier,Auvergne-Rhône-Alpes
3750,03,Allier,Auvergne-Rhône-Alpes
3800,03,Allier,Auvergne-Rhône-Alpes
3850,03,Allier,Auvergne-Rhône-Alpes
3900,03,Allier,Auvergne-Rhône-Alpes
3950,03,Allier,Auvergne-Rhône-Alpes
4000,04,Alpes-de-Haute-Provence,Provence-Alpes-Côte d'Azur
4050,04,Alpes-de-Haute-Provence,Provence-Alpes-Côte d'Azur
4100,04,Alpes-de-Haute-Provence,Provence-Alpes-Côte d'Azur
4150,04,Alpes-de-Haute-Provence,Provence-Alpes-Côte d'Azur
4200,04,Alpes-de-Haute-Provence,Provence-Alpes-Côte d'Azur
4250,04,Alpes-de-Haute-Provence,Provence-Alpes-Côte d'Azur
4300,04,Alpes-de-Haute-Provence,Provence-Alpes-Côte d'Azur
4350,04,Alpes-de-Haute-Provence,Provence-Alpes-Côte d'Azur
4400,04,Alpes-de-Haute-Provence,Provence-Alpes-Côte d'Azur
4450,04,Alpes-de-Haute-Provence,Provence-Alpes-Côte d'Azur
4500,04,Alpes-de-Haute-Provence,Provence-Alpes-Côte d'Azur
4550,04,Alpes-de-Haute-Provence,Provence-Alpes-Côte d'Azur
4600,04,Alpes-de-Haute-Provence,Provence-Alpes-Côte d'Azur
4650,04,Alpes-de-Haute-Provence,Provence-Alpes-Côte d'Azur
4700,04,Alpes-de-Haute-Provence,Provence-Alpes-Côte d'Azur
4750,04,Alpes-de-Haute-Provence,Provence-Alpes-Côte d'Azur
4800,04,Alpes-de-Haute-Provence,Provence-Alpes-Côte d'Azur
4850,04,Alpes-de-Haute-Provence,Provence-Alpes-Côte d'Azur
4900,04,Alpes-de-Haute-Provence,Provence-Alpes-Côte d'Azur
4950,04,Alpes-de-Haute-Provence,Provence-Alpes-Côte d'Azur
5000,05,Hautes-Alpes,Provence-Alpes-Côte d'Azur
5050,05,Hautes-Alpes,Provence-Alpes-Côte d'Azur
5100,05,Hautes-Alpes,Provence-Alpes-Côte d'Azur
5150,05,Hautes-Alpes,Provence-Alpes-Côte d'Azur
5200,05,Hautes-Alpes,Provence-Alpes-Côte d'Azur
5250,05,Hautes-Alpes,Provence-Alpes-Côte d'Azur
5300,05,Hautes-Alpes,Provence-Alpes-Côte d'Azur
5350,05,Hautes-Alpes,Provence-Alpes-Côte d'Azur
5400,05,Hautes-Alpes,Provence-Alpes-Côte d'Azur
5450,05,Hautes-Alpes,Provence-Alpes-Côte d'Azur
5500,05,Hautes-Alpes,Provence-Alpes-Côte d'Azur
5550,05,Hautes-Alpes,Provence-Alpes-Côte d'Azur
5600,05,Hautes-Alpes,Provence-Alpes-Côte d'Azur
5650,05,Hautes-Alpes,Provence-Alpes-Côte d'Azur
5700,05,Hautes-Alpes,Provence-Alpes-Côte d'Azur
5750,05,Hautes-Alpes,Provence-Alpes-Côte d'Azur
5800,05,Hautes-Alpes,Provence-Alpes-Côte d'Azur
5850,05,Hautes-Alpes,Provence-Alpes-Côte d'Azur
5900,05,Hautes-Alpes,Provence-Alpes-Côte d'Azur
5950,05,Hautes-Alpes,Provence-Alpes-Côte d'Azur
6000,06,Alpes-Maritimes,Provence-Alpes-Côte d'Azur
6050,06,Alpes-Maritimes,Provence-Alpes-Côte d'Azur
6100,06,Alpes-Maritimes,Provence-Alpes-Côte d'Azur
6150,06,Alpes-Maritimes,Provence-Alpes-Côte d'Azur
6200,06,Alpes-Maritimes,Provence-Alpes-Côte d'Azur
6250,06,Alpes-Maritimes,Provence-Alpes-Côte d'Azur
6300,06,Alpes-Maritimes,Provence-Alpes-Côte d'Azur
6350,06,Alpes-Maritimes,Provence-Alpes-Côte d'Azur
6400,06,Alpes-Maritimes,Provence-Alpes-Côte d'Azur
6450,06,Alpes-Maritimes,Provence-Alpes-Côte d'Azur
6500,06,Alpes-Maritimes,Provence-Alpes-Côte d'Azur
6550,06,Alpes-Maritimes,Provence-Alpes-Côte d'Azur
6600,06,Alpes-Maritimes,Provence-Alpes-Côte d'Azur
6650,06,Alpes-Maritimes,Provence-Alpes-Côte d'Azur
6700,06,Alpes-Maritimes,Provence-Alpes-Côte d'Azur
6750,06,Alpes-Maritimes,Provence-Alpes-Côte d'Azur
6800,06,Alpes-Maritimes,Provence-Alpes-Côte d'Azur
6850,06,Alpes-Maritimes,Provence-Alpes-Côte d'Azur
6900,06,Alpes-Maritimes,Provence-Alpes-Côte d'Azur
6950,06,Alpes-Maritimes,Provence-Alpes-Côte d'Azur
7000,07,Ardèche,Auvergne-Rhône-Alpes
7050,07,Ardèche,Auvergne-Rhône-Alpes
7100,07,Ardèche,Auvergne-Rhône-Alpes
7150,07,Ardèche,Auvergne-Rhône-Alpes
7200,07,Ardèche,Auvergne-Rhône-Alpes
7250,07,Ardèche,Auvergne-Rhône-Alpes
7300,07,Ardèche,Auvergne-Rhône-Alpes
7350,07,Ardèche,Auvergne-Rhône-Alpes
7400,07,Ardèche,Auvergne-Rhône-Alpes
7450,07,Ardèche,Auvergne-Rhône-Alpes
7500,07,Ardèche,Auvergne-Rhône-Alpes
7550,07,Ardèche,Auvergne-Rhône-Alpes
7600,07,Ardèche,Auvergne-Rhône-Alpes
7650,07,Ardèche,Auvergne-Rhône-Alpes
7700,07,Ardèche,Auvergne-Rhône-Alpes
7750,07,Ardèche,Auvergne-Rhône-Alpes
7800,07,Ardèche,Auvergne-Rhône-Alpes
7850,07,Ardèche,Auvergne-Rhône-Alpes
7900,07,Ardèche,Auvergne-Rhône-Alpes
7950,07,Ardèche,Auvergne-Rhône-Alpes
8000,08,Ardennes,Grand Est
8050,08,Ardennes,Grand Est
8100,08,Ardennes,Grand Est
8150,08,Ardennes,Grand Est
8200,08,Ardennes,Grand Est
8250,08,Ardennes,Grand Est
8300,08,Ardennes,Grand Est
8350,08,Ardennes,Grand Est
8400,08,Ardennes,Grand Est
8450,08,Ardennes,Grand Est
8500,08,Ardennes,Grand Est
8550,08,Ardennes,Grand Est
8600,08,Ardennes,Grand Est
8650,08,Ardennes,Grand Est
8700,08,Ardennes,Grand Est
8750,08,Ardennes,Grand Est
8800,08,Ardennes,Grand Est
8850,08,Ardennes,Grand Est
8900,08,Ardennes,Grand Est
8950,08,Ardennes,Grand Est
9000,09,Ariège,Occitanie
9050,09,Ariège,Occitanie
9100,09,Ariège,Occitanie
9150,09,Ariège,Occitanie
9200,09,Ariège,Occitanie
9250,09,Ariège,Occitanie
9300,09,Ariège,Occitanie
9350,09,Ariège,Occitanie
9400,09,Ariège,Occitanie
9450,09,Ariège,Occitanie
9500,09,Ariège,Occitanie
9550,09,Ariège,Occitanie
9600,09,Ariège,Occitanie
9650,09,Ariège,Occitanie
9700,09,Ariège,Occitanie
9750,09,Ariège,Occitanie
9800,09,Ariège,Occitanie
9850,09,Ariège,Occitanie
9900,09,Ariège,Occitanie
9950,09,Ariège,Occitanie
10000,10,Aube,Grand Est
10050,10,Aube,Grand Est
10100,10,Aube,Grand Est
10150,10,Aube,Grand Est
10200,10,Aube,Grand Est
10250,10,Aube,Grand Est
10300,10,Aube,Grand Est
10350,10,Aube,Grand Est
10400,10,Aube,Grand Est
10450,10,Aube,Grand Est
10500,10,Aube,Grand Est
10550,10,Aube,Grand Est
10600,10,Aube,Grand Est
10650,10,Aube,Grand Est
10700,10,Aube,Grand Est
10750,10,Aube,Grand Est
10800,10,Aube,Grand Est
10850,10,Aube,Grand Est
10900,10,Aube,Grand Est
10950,10,Aube,Grand Est
11000,11,Aude,Occitanie
11050,11,Aude,Occitanie
11100,11,Aude,Occitanie
11150,11,Aude,Occitanie
11200,11,Aude,Occitanie
11250,11,Aude,Occitanie
11300,11,Aude,Occitanie
11350,11,Aude,Occitanie
11400,11,Aude,Occitanie
11450,11,Aude,Occitanie
11500,11,Aude,Occitanie
11550,11,Aude,Occitanie
11600,11,Aude,Occitanie
11650,11,Aude,Occitanie
11700,11,Aude,Occitanie
11750,11,Aude,Occitanie
11800,11,Aude,Occitanie
11850,11,Aude,Occitanie
11900,11,Aude,Occitanie
11950,11,Aude,Occitanie
12000,12,Aveyron,Occitanie
12050,12,Aveyron,Occitanie
12100,12,Aveyron,Occitanie
12150,12,Aveyron,Occitanie
12200,12,Aveyron,Occitanie
12250,12,Aveyron,Occitanie
12300,12,Aveyron,Occitanie
12350,12,Aveyron,Occitanie
12400,12,Aveyron,Occitanie
12450,12,Aveyron,Occitanie
12500,12,Aveyron,Occitanie
12550,12,Aveyron,Occitanie
12600,12,Aveyron,Occitanie
12650,12,Aveyron,Occitanie
12700,12,Aveyron,Occitanie
12750,12,Aveyron,Occitanie
12800,12,Aveyron,Occitanie
12850,12,Aveyron,Occitanie
12900,12,Aveyron,Occitanie
12950,12,Aveyron,Occitanie
13000,13,Bouches-du-Rhône,Provence-Alpes-Côte d'Azur
13050,13,Bouches-du-Rhône,Provence-Alpes-Côte d'Azur
13100,13,Bouches-du-Rhône,Provence-Alpes-Côte d'Azur
13150,13,Bouches-du-Rhône,Provence-Alpes-Côte d'Azur
13200,13,Bouches-du-Rhône,Provence-Alpes-Côte d'Azur
13250,13,Bouches-du-Rhône,Provence-Alpes-Côte d'Azur
13300,13,Bouches-du-Rhône,Provence-Alpes-Côte d'Azur
13350,13,Bouches-du-Rhône,Provence-Alpes-Côte d'Azur
13400,13,Bouches-du-Rhône,Provence-Alpes-Côte d'Azur
13450,13,Bouches-du-Rhône,Provence-Alpes-Côte d'Azur
13500,13,Bouches-du-Rhône,Provence-Alpes-Côte d'Azur
13550,13,Bouches-du-Rhône,Provence-Alpes-Côte d'Azur
13600,13,Bouches-du-Rhône,Provence-Alpes-Côte d'Azur
13650,13,Bouches-du-Rhône,Provence-Alpes-Côte d'Azur
13700,13,Bouches-du-Rhône,Provence-Alpes-Côte d'Azur
13750,13,Bouches-du-Rhône,Provence-Alpes-Côte d'Azur
13800,13,Bouches-du-Rhône,Provence-Alpes-Côte d'Azur
13850,13,Bouches-du-Rhône,Provence-Alpes-Côte d'Azur
13900,13,Bouches-du-Rhône,Provence-Alpes-Côte d'Azur
13950,13,Bouches-du-Rhône,Provence-Alpes-Côte d'Azur
14000,14,Calvados,Normandie
14050,14,Calvados,Normandie
14100,14,Calvados,Normandie
14150,14,Calvados,Normandie
14200,14,Calvados,Normandie
14250,14,Calvados,Normandie
14300,14,Calvados,Normandie
14350,14,Calvados,Normandie
14400,14,Calvados,Normandie
14450,14,Calvados,Normandie
14500,14,Calvados,Normandie
14550,14,Calvados,Normandie
14600,14,Calvados,Normandie
14650,14,Calvados,Normandie
14700,14,Calvados,Normandie
14750,14,Calvados,Normandie
14800,14,Calvados,Normandie
14850,14,Calvados,Normandie
14900,14,Calvados,Normandie
14950,14,Calvados,Normandie
15000,15,Cantal,Auvergne-Rhône-Alpes
15050,15,Cantal,Auvergne-Rhône-Alpes
15100,15,Cantal,Auvergne-Rhône-Alpes
15150,15,Cantal,Auvergne-Rhône-Alpes
15200,15,Cantal,Auvergne-Rhône-Alpes
15250,15,Cantal,Auvergne-Rhône-Alpes
15300,15,Cantal,Auvergne-Rhône-Alpes
15350,15,Cantal,Auvergne-Rhône-Alpes
15400,15,Cantal,Auvergne-Rhône-Alpes
15450,15,Cantal,Auvergne-Rhône-Alpes
15500,15,Cantal,Auvergne-Rhône-Alpes
15550,15,Cantal,Auvergne-Rhône-Alpes
15600,15,Cantal,Auvergne-Rhône-Alpes
15650,15,Cantal,Auvergne-Rhône-Alpes
15700,15,Cantal,Auvergne-Rhône-Alpes
15750,15,Cantal,Auvergne-Rhône-Alpes
15800,15,Cantal,Auvergne-Rhône-Alpes
15850,15,Cantal,Auvergne-Rhône-Alpes
15900,15,Cantal,Auvergne-Rhône-Alpes
15950,15,Cantal,Auvergne-Rhône-Alpes
16000,16,Charente,Nouvelle-Aquitaine
16050,16,Charente,Nouvelle-Aquitaine
16100,16,Charente,Nouvelle-Aquitaine
16150,16,Charente,Nouvelle-Aquitaine
16200,16,Charente,Nouvelle-Aquitaine
16250,16,Charente,Nouvelle-Aquitaine
16300,16,Charente,Nouvelle-Aquitaine
16350,16,Charente,Nouvelle-Aquitaine
16400,16,Charente,Nouvelle-Aquitaine
16450,16,Charente,Nouvelle-Aquitaine
16500,16,Charente,Nouvelle-Aquitaine
16550,16,Charente,Nouvelle-Aquitaine
16600,16,Charente,Nouvelle-Aquitaine
16650,16,Charente,Nouvelle-Aquitaine
16700,16,Charente,Nouvelle-Aquitaine
16750,16,Charente,Nouvelle-Aquitaine
16800,16,Charente,Nouvelle-Aquitaine
16850,16,Charente,Nouvelle-Aquitaine
16900,16,Charente,Nouvelle-Aquitaine
16950,16,Charente,Nouvelle-Aquitaine
17000,17,Charente-Maritime,Nouvelle-Aquitaine
17050,17,Charente-Maritime,Nouvelle-Aquitaine
17100,17,Charente-Maritime,Nouvelle-Aquitaine
17150,17,Charente-Maritime,Nouvelle-Aquitaine
17200,17,Charente-Maritime,Nouvelle-Aquitaine
17250,17,Charente-Maritime,Nouvelle-Aquitaine
17300,17,Charente-Maritime,Nouvelle-Aquitaine
17350,17,Charente-Maritime,Nouvelle-Aquitaine
17400,17,Charente-Maritime,Nouvelle-Aquitaine
17450,17,Charente-Maritime,Nouvelle-Aquitaine
17500,17,Charente-Maritime,Nouvelle-Aquitaine
17550,17,Charente-Maritime,Nouvelle-Aquitaine
17600,17,Charente-Maritime,Nouvelle-Aquitaine
17650,17,Charente-Maritime,Nouvelle-Aquitaine
17700,17,Charente-Maritime,Nouvelle-Aquitaine
17750,17,Charente-Maritime,Nouvelle-Aquitaine
17800,17,Charente-Maritime,Nouvelle-Aquitaine
17850,17,Charente-Maritime,Nouvelle-Aquitaine
17900,17,Charente-Maritime,Nouvelle-Aquitaine
17950,17,Charente-Maritime,Nouvelle-Aquitaine
18000,18,Cher,Centre-Val de Loire
18050,18,Cher,Centre-Val de Loire
18100,18,Cher,Centre-Val de Loire
18150,18,Cher,Centre-Val de Loire
18200,18,Cher,Centre-Val de Loire
18250,18,Cher,Centre-Val de Loire
18300,18,Cher,Centre-Val de Loire
18350,18,Cher,Centre-Val de Loire
18400,18,Cher,Centre-Val de Loire
18450,18,Cher,Centre-Val de Loire
18500,18,Cher,Centre-Val de Loire
18550,18,Cher,Centre-Val de Loire
18600,18,Cher,Centre-Val de Loire
18650,18,Cher,Centre-Val de Loire
18700,18,Cher,Centre-Val de Loire
18750,18,Cher,Centre-Val de Loire
18800,18,Cher,Centre-Val de Loire
18850,18,Cher,Centre-Val de Loire
18900,18,Cher,Centre-Val de Loire
18950,18,Cher,Centre-Val de Loire
19000,19,Corrèze,Nouvelle-Aquitaine
19050,19,Corrèze,Nouvelle-Aquitaine
19100,19,Corrèze,Nouvelle-Aquitaine
19150,19,Corrèze,Nouvelle-Aquitaine
19200,19,Corrèze,Nouvelle-Aquitaine
19250,19,Corrèze,Nouvelle-Aquitaine
19300,19,Corrèze,Nouvelle-Aquitaine
19350,19,Corrèze,Nouvelle-Aquitaine
19400,19,Corrèze,Nouvelle-Aquitaine
19450,19,Corrèze,Nouvelle-Aquitaine
19500,19,Corrèze,Nouvelle-Aquitaine
19550,19,Corrèze,Nouvelle-Aquitaine
19600,19,Corrèze,Nouvelle-Aquitaine
19650,19,Corrèze,Nouvelle-Aquitaine
19700,19,Corrèze,Nouvelle-Aquitaine
19750,19,Corrèze,Nouvelle-Aquitaine
19800,19,Corrèze,Nouvelle-Aquitaine
19850,19,Corrèze,Nouvelle-Aquitaine
19900,19,Corrèze,Nouvelle-Aquitaine
19950,19,Corrèze,Nouvelle-Aquitaine
21000,21,Côte-d'Or,Bourgogne-Franche-Comté
21050,21,Côte-d'Or,Bourgogne-Franche-Comté
21100,21,Côte-d'Or,Bourgogne-Franche-Comté
21150,21,Côte-d'Or,Bourgogne-Franche-Comté
21200,21,Côte-d'Or,Bourgogne-Franche-Comté
21250,21,Côte-d'Or,Bourgogne-Franche-Comté
21300,21,Côte-d'Or,Bourgogne-Franche-Comté
21350,21,Côte-d'Or,Bourgogne-Franche-Comté
21400,21,Côte-d'Or,Bourgogne-Franche-Comté
21450,21,Côte-d'Or,Bourgogne-Franche-Comté
21500,21,Côte-d'Or,Bourgogne-Franche-Comté
21550,21,Côte-d'Or,Bourgogne-Franche-Comté
21600,21,Côte-d'Or,Bourgogne-Franche-Comté
21650,21,Côte-d'Or,Bourgogne-Franche-Comté
21700,21,Côte-d'Or,Bourgogne-Franche-Comté
21750,21,Côte-d'Or,Bourgogne-Franche-Comté
21800,21,Côte-d'Or,Bourgogne-Franche-Comté
21850,21,Côte-d'Or,Bourgogne-Franche-Comté
21900,21,Côte-d'Or,Bourgogne-Franche-Comté
21950,21,Côte-d'Or,Bourgogne-Franche-Comté
22000,22,Côtes-d'Armor,Bretagne
22050,22,Côtes-d'Armor,Bretagne
22100,22,Côtes-d'Armor,Bretagne
22150,22,Côtes-d'Armor,Bretagne
22200,22,Côtes-d'Armor,Bretagne
22250,22,Côtes-d'Armor,Bretagne
22300,22,Côtes-d'Armor,Bretagne
22350,22,Côtes-d'Armor,Bretagne
22400,22,Côtes-d'Armor,Bretagne
22450,22,Côtes-d'Armor,Bretagne
22500,22,Côtes-d'Armor,Bretagne
22550,22,Côtes-d'Armor,Bretagne
22600,22,Côtes-d'Armor,Bretagne
22650,22,Côtes-d'Armor,Bretagne
22700,22,Côtes-d'Armor,Bretagne
22750,22,Côtes-d'Armor,Bretagne
22800,22,Côtes-d'Armor,Bretagne
22850,22,Côtes-d'Armor,Bretagne
22900,22,Côtes-d'Armor,Bretagne
22950,22,Côtes-d'Armor,Bretagne
23000,23,Creuse,Nouvelle-Aquitaine
23050,23,Creuse,Nouvelle-Aquitaine
23100,23,Creuse,Nouvelle-Aquitaine
23150,23,Creuse,Nouvelle-Aquitaine
23200,23,Creuse,Nouvelle-Aquitaine
23250,23,Creuse,Nouvelle-Aquitaine
23300,23,Creuse,Nouvelle-Aquitaine
23350,23,Creuse,Nouvelle-Aquitaine
23400,23,Creuse,Nouvelle-Aquitaine
23450,23,Creuse,Nouvelle-Aquitaine
23500,23,Creuse,Nouvelle-Aquitaine
23550,23,Creuse,Nouvelle-Aquitaine
23600,23,Creuse,Nouvelle-Aquitaine
23650,23,Creuse,Nouvelle-Aquitaine
23700,23,Creuse,Nouvelle-Aquitaine
23750,23,Creuse,Nouvelle-Aquitaine
23800,23,Creuse,Nouvelle-Aquitaine
23850,23,Creuse,Nouvelle-Aquitaine
23900,23,Creuse,Nouvelle-Aquitaine
23950,23,Creuse,Nouvelle-Aquitaine
24000,24,Dordogne,Nouvelle-Aquitaine
24050,24,Dordogne,Nouvelle-Aquitaine
24100,24,Dordogne,Nouvelle-Aquitaine
24150,24,Dordogne,Nouvelle-Aquitaine
24200,24,Dordogne,Nouvelle-Aquitaine
24250,24,Dordogne,Nouvelle-Aquitaine
24300,24,Dordogne,Nouvelle-Aquitaine
24350,24,Dordogne,Nouvelle-Aquitaine
24400,24,Dordogne,Nouvelle-Aquitaine
24450,24,Dordogne,Nouvelle-Aquitaine
24500,24,Dordogne,Nouvelle-Aquitaine
24550,24,Dordogne,Nouvelle-Aquitaine
24600,24,Dordogne,Nouvelle-Aquitaine
24650,24,Dordogne,Nouvelle-Aquitaine
24700,24,Dordogne,Nouvelle-Aquitaine
24750,24,Dordogne,Nouvelle-Aquitaine
24800,24,Dordogne,Nouvelle-Aquitaine
24850,24,Dordogne,Nouvelle-Aquitaine
24900,24,Dordogne,Nouvelle-Aquitaine
24950,24,Dordogne,Nouvelle-Aquitaine
25000,25,Doubs,Bourgogne-Franche-Comté
25050,25,Doubs,Bourgogne-Franche-Comté
25100,25,Doubs,Bourgogne-Franche-Comté
25150,25,Doubs,Bourgogne-Franche-Comté
25200,25,Doubs,Bourgogne-Franche-Comté
25250,25,Doubs,Bourgogne-Franche-Comté
25300,25,Doubs,Bourgogne-Franche-Comté
25350,25,Doubs,Bourgogne-Franche-Comté
25400,25,Doubs,Bourgogne-Franche-Comté
25450,25,Doubs,Bourgogne-Franche-Comté
25500,25,Doubs,Bourgogne-Franche-Comté
25550,25,Doubs,Bourgogne-Franche-Comté
25600,25,Doubs,Bourgogne-Franche-Comté
25650,25,Doubs,Bourgogne-Franche-Comté
25700,25,Doubs,Bourgogne-Franche-Comté
25750,25,Doubs,Bourgogne-Franche-Comté
25800,25,Doubs,Bourgogne-Franche-Comté
25850,25,Doubs,Bourgogne-Franche-Comté
25900,25,Doubs,Bourgogne-Franche-Comté
25950,25,Doubs,Bourgogne-Franche-Comté
26000,26,Drôme,Auvergne-Rhône-Alpes
26050,26,Drôme,Auvergne-Rhône-Alpes
26100,26,Drôme,Auvergne-Rhône-Alpes
26150,26,Drôme,Auvergne-Rhône-Alpes
26200,26,Drôme,Auvergne-Rhône-Alpes
26250,26,Drôme,Auvergne-Rhône-Alpes
26300,26,Drôme,Auvergne-Rhône-Alpes
26350,26,Drôme,Auvergne-Rhône-Alpes
26400,26,Drôme,Auvergne-Rhône-Alpes
26450,26,Drôme,Auvergne-Rhône-Alpes
26500,26,Drôme,Auvergne-Rhône-Alpes
26550,26,Drôme,Auvergne-Rhône-Alpes
26600,26,Drôme,Auvergne-Rhône-Alpes
26650,26,Drôme,Auvergne-Rhône-Alpes
26700,26,Drôme,Auvergne-Rhône-Alpes
26750,26,Drôme,Auvergne-Rhône-Alpes
26800,26,Drôme,Auvergne-Rhône-Alpes
26850,26,Drôme,Auvergne-Rhône-Alpes
26900,26,Drôme,Auvergne-Rhône-Alpes
26950,26,Drôme,Auvergne-Rhône-Alpes
27000,27,Eure,Normandie
27050,27,Eure,Normandie
27100,27,Eure,Normandie
27150,27,Eure,Normandie
27200,27,Eure,Normandie
27250,27,Eure,Normandie
27300,27,Eure,Normandie
27350,27,Eure,Normandie
27400,27,Eure,Normandie
27450,27,Eure,Normandie
27500,27,Eure,Normandie
27550,27,Eure,Normandie
27600,27,Eure,Normandie
27650,27,Eure,Normandie
27700,27,Eure,Normandie
27750,27,Eure,Normandie
27800,27,Eure,Normandie
27850,27,Eure,Normandie
27900,27,Eure,Normandie
27950,27,Eure,Normandie
28000,28,Eure-et-Loir,Centre-Val de Loire
28050,28,Eure-et-Loir,Centre-Val de Loire
28100,28,Eure-et-Loir,Centre-Val de Loire
28150,28,Eure-et-Loir,Centre-Val de Loire
28200,28,Eure-et-Loir,Centre-Val de Loire
28250,28,Eure-et-Loir,Centre-Val de Loire
28300,28,Eure-et-Loir,Centre-Val de Loire
28350,28,Eure-et-Loir,Centre-Val de Loire
28400,28,Eure-et-Loir,Centre-Val de Loire
28450,28,Eure-et-Loir,Centre-Val de Loire
28500,28,Eure-et-Loir,Centre-Val de Loire
28550,28,Eure-et-Loir,Centre-Val de Loire
28600,28,Eure-et-Loir,Centre-Val de Loire
28650,28,Eure-et-Loir,Centre-Val de Loire
28700,28,Eure-et-Loir,Centre-Val de Loire
28750,28,Eure-et-Loir,Centre-Val de Loire
28800,28,Eure-et-Loir,Centre-Val de Loire
28850,28,Eure-et-Loir,Centre-Val de Loire
28900,28,Eure-et-Loir,Centre-Val de Loire
28950,28,Eure-et-Loir,Centre-Val de Loire
29000,29,Finistère,Bretagne
29050,29,Finistère,Bretagne
29100,29,Finistère,Bretagne
29150,29,Finistère,Bretagne
29200,29,Finistère,Bretagne
29250,29,Finistère,Bretagne
29300,29,Finistère,Bretagne
29350,29,Finistère,Bretagne
29400,29,Finistère,Bretagne
29450,29,Finistère,Bretagne
29500,29,Finistère,Bretagne
29550,29,Finistère,Bretagne
29600,29,Finistère,Bretagne
29650,29,Finistère,Bretagne
29700,29,Finistère,Bretagne
29750,29,Finistère,Bretagne
29800,29,Finistère,Bretagne
29850,29,Finistère,Bretagne
29900,29,Finistère,Bretagne
29950,29,Finistère,Bretagne
30000,30,Gard,Occitanie
30050,30,Gard,Occitanie
30100,30,Gard,Occitanie
30150,30,Gard,Occitanie
30200,30,Gard,Occitanie
30250,30,Gard,Occitanie
30300,30,Gard,Occitanie
30350,30,Gard,Occitanie
30400,30,Gard,Occitanie
30450,30,Gard,Occitanie
30500,30,Gard,Occitanie
30550,30,Gard,Occitanie
30600,30,Gard,Occitanie
30650,30,Gard,Occitanie
30700,30,Gard,Occitanie
30750,30,Gard,Occitanie
30800,30,Gard,Occitanie
30850,30,Gard,Occitanie
30900,30,Gard,Occitanie
30950,30,Gard,Occitanie
31000,31,Haute-Garonne,Occitanie
31050,31,Haute-Garonne,Occitanie
31100,31,Haute-Garonne,Occitanie
31150,31,Haute-Garonne,Occitanie
31200,31,Haute-Garonne,Occitanie
31250,31,Haute-Garonne,Occitanie
31300,31,Haute-Garonne,Occitanie
31350,31,Haute-Garonne,Occitanie
31400,31,Haute-Garonne,Occitanie
31450,31,Haute-Garonne,Occitanie
31500,31,Haute-Garonne,Occitanie
31550,31,Haute-Garonne,Occitanie
31600,31,Haute-Garonne,Occitanie
31650,31,Haute-Garonne,Occitanie
31700,31,Haute-Garonne,Occitanie
31750,31,Haute-Garonne,Occitanie
31800,31,Haute-Garonne,Occitanie
31850,31,Haute-Garonne,Occitanie
31900,31,Haute-Garonne,Occitanie
31950,31,Haute-Garonne,Occitanie
32000,32,Gers,Occitanie
32050,32,Gers,Occitanie
32100,32,Gers,Occitanie
32150,32,Gers,Occitanie
32200,32,Gers,Occitanie
32250,32,Gers,Occitanie
32300,32,Gers,Occitanie
32350,32,Gers,Occitanie
32400,32,Gers,Occitanie
32450,32,Gers,Occitanie
32500,32,Gers,Occitanie
32550,32,Gers,Occitanie
32600,32,Gers,Occitanie
32650,32,Gers,Occitanie
32700,32,Gers,Occitanie
32750,32,Gers,Occitanie
32800,32,Gers,Occitanie
32850,32,Gers,Occitanie
32900,32,Gers,Occitanie
32950,32,Gers,Occitanie
33000,33,Gironde,Nouvelle-Aquitaine
33050,33,Gironde,Nouvelle-Aquitaine
33100,33,Gironde,Nouvelle-Aquitaine
33150,33,Gironde,Nouvelle-Aquitaine
33200,33,Gironde,Nouvelle-Aquitaine
33250,33,Gironde,Nouvelle-Aquitaine
33300,33,Gironde,Nouvelle-Aquitaine
33350,33,Gironde,Nouvelle-Aquitaine
33400,33,Gironde,Nouvelle-Aquitaine
33450,33,Gironde,Nouvelle-Aquitaine
33500,33,Gironde,Nouvelle-Aquitaine
33550,33,Gironde,Nouvelle-Aquitaine
33600,33,Gironde,Nouvelle-Aquitaine
33650,33,Gironde,Nouvelle-Aquitaine
33700,33,Gironde,Nouvelle-Aquitaine
33750,33,Gironde,Nouvelle-Aquitaine
33800,33,Gironde,Nouvelle-Aquitaine
33850,33,Gironde,Nouvelle-Aquitaine
33900,33,Gironde,Nouvelle-Aquitaine
33950,33,Gironde,Nouvelle-Aquitaine
34000,34,Hérault,Occitanie
34050,34,Hérault,Occitanie
34100,34,Hérault,Occitanie
34150,34,Hérault,Occitanie
34200,34,Hérault,Occitanie
34250,34,Hérault,Occitanie
34300,34,Hérault,Occitanie
34350,34,Hérault,Occitanie
34400,34,Hérault,Occitanie
34450,34,Hérault,Occitanie
34500,34,Hérault,Occitanie
34550,34,Hérault,Occitanie
34600,34,Hérault,Occitanie
34650,34,Hérault,Occitanie
34700,34,Hérault,Occitanie
34750,34,Hérault,Occitanie
34800,34,Hérault,Occitanie
34850,34,Hérault,Occitanie
34900,34,Hérault,Occitanie
34950,34,Hérault,Occitanie
35000,35,Ille-et-Vilaine,Bretagne
35050,35,Ille-et-Vilaine,Bretagne
35100,35,Ille-et-Vilaine,Bretagne
35150,35,Ille-et-Vilaine,Bretagne
35200,35,Ille-et-Vilaine,Bretagne
35250,35,Ille-et-Vilaine,Bretagne
35300,35,Ille-et-Vilaine,Bretagne
35350,35,Ille-et-Vilaine,Bretagne
35400,35,Ille-et-Vilaine,Bretagne
35450,35,Ille-et-Vilaine,Bretagne
35500,35,Ille-et-Vilaine,Bretagne
35550,35,Ille-et-Vilaine,Bretagne
35600,35,Ille-et-Vilaine,Bretagne
35650,35,Ille-et-Vilaine,Bretagne
35700,35,Ille-et-Vilaine,Bretagne
35750,35,Ille-et-Vilaine,Bretagne
35800,35,Ille-et-Vilaine,Bretagne
35850,35,Ille-et-Vilaine,Bretagne
35900,35,Ille-et-Vilaine,Bretagne
35950,35,Ille-et-Vilaine,Bretagne
36000,36,Indre,Centre-Val de Loire
36050,36,Indre,Centre-Val de Loire
36100,36,Indre,Centre-Val de Loire
36150,36,Indre,Centre-Val de Loire
36200,36,Indre,Centre-Val de Loire
36250,36,Indre,Centre-Val de Loire
36300,36,Indre,Centre-Val de Loire
36350,36,Indre,Centre-Val de Loire
36400,36,Indre,Centre-Val de Loire
36450,36,Indre,Centre-Val de Loire
36500,36,Indre,Centre-Val de Loire
36550,36,Indre,Centre-Val de Loire
36600,36,Indre,Centre-Val de Loire
36650,36,Indre,Centre-Val de Loire
36700,36,Indre,Centre-Val de Loire
36750,36,Indre,Centre-Val de Loire
36800,36,Indre,Centre-Val de Loire
36850,36,Indre,Centre-Val de Loire
36900,36,Indre,Centre-Val de Loire
36950,36,Indre,Centre-Val de Loire
37000,37,Indre-et-Loire,Centre-Val de Loire
37050,37,Indre-et-Loire,Centre-Val de Loire
37100,37,Indre-et-Loire,Centre-Val de Loire
37150,37,Indre-et-Loire,Centre-Val de Loire
37200,37,Indre-et-Loire,Centre-Val de Loire
37250,37,Indre-et-Loire,Centre-Val de Loire
37300,37,Indre-et-Loire,Centre-Val de Loire
37350,37,Indre-et-Loire,Centre-Val de Loire
37400,37,Indre-et-Loire,Centre-Val de Loire
37450,37,Indre-et-Loire,Centre-Val de Loire
37500,37,Indre-et-Loire,Centre-Val de Loire
37550,37,Indre-et-Loire,Centre-Val de Loire
37600,37,Indre-et-Loire,Centre-Val de Loire
37650,37,Indre-et-Loire,Centre-Val de Loire
37700,37,Indre-et-Loire,Centre-Val de Loire
37750,37,Indre-et-Loire,Centre-Val de Loire
37800,37,Indre-et-Loire,Centre-Val de Loire
37850,37,Indre-et-Loire,Centre-Val de Loire
37900,37,Indre-et-Loire,Centre-Val de Loire
37950,37,Indre-et-Loire,Centre-Val de Loire
38000,38,Isère,Auvergne-Rhône-Alpes
38050,38,Isère,Auvergne-Rhône-Alpes
38100,38,Isère,Auvergne-Rhône-Alpes
38150,38,Isère,Auvergne-Rhône-Alpes
38200,38,Isère,Auvergne-Rhône-Alpes
38250,38,Isère,Auvergne-Rhône-Alpes
38300,38,Isère,Auvergne-Rhône-Alpes
38350,38,Isère,Auvergne-Rhône-Alpes
38400,38,Isère,Auvergne-Rhône-Alpes
38450,38,Isère,Auvergne-Rhône-Alpes
38500,38,Isère,Auvergne-Rhône-Alpes
38550,38,Isère,Auvergne-Rhône-Alpes
38600,38,Isère,Auvergne-Rhône-Alpes
38650,38,Isère,Auvergne-Rhône-Alpes
38700,38,Isère,Auvergne-Rhône-Alpes
38750,38,Isère,Auvergne-Rhône-Alpes
38800,38,Isère,Auvergne-Rhône-Alpes
38850,38,Isère,Auvergne-Rhône-Alpes
38900,38,Isère,Auvergne-Rhône-Alpes
38950,38,Isère,Auvergne-Rhône-Alpes
39000,39,Jura,Bourgogne-Franche-Comté
39050,39,Jura,Bourgogne-Franche-Comté
39100,39,Jura,Bourgogne-Franche-Comté
39150,39,Jura,Bourgogne-Franche-Comté
39200,39,Jura,Bourgogne-Franche-Comté
39250,39,Jura,Bourgogne-Franche-Comté
39300,39,Jura,Bourgogne-Franche-Comté
39350,39,Jura,Bourgogne-Franche-Comté
39400,39,Jura,Bourgogne-Franche-Comté
39450,39,Jura,Bourgogne-Franche-Comté
39500,39,Jura,Bourgogne-Franche-Comté
39550,39,Jura,Bourgogne-Franche-Comté
39600,39,Jura,Bourgogne-Franche-Comté
39650,39,Jura,Bourgogne-Franche-Comté
39700,39,Jura,Bourgogne-Franche-Comté
39750,39,Jura,Bourgogne-Franche-Comté
39800,39,Jura,Bourgogne-Franche-Comté
39850,39,Jura,Bourgogne-Franche-Comté
39900,39,Jura,Bourgogne-Franche-Comté
39950,39,Jura,Bourgogne-Franche-Comté
40000,40,Landes,Nouvelle-Aquitaine
40050,40,Landes,Nouvelle-Aquitaine
40100,40,Landes,Nouvelle-Aquitaine
40150,40,Landes,Nouvelle-Aquitaine
40200,40,Landes,Nouvelle-Aquitaine
40250,40,Landes,Nouvelle-Aquitaine
40300,40,Landes,Nouvelle-Aquitaine
40350,40,Landes,Nouvelle-Aquitaine
40400,40,Landes,Nouvelle-Aquitaine
40450,40,Landes,Nouvelle-Aquitaine
40500,40,Landes,Nouvelle-Aquitaine
40550,40,Landes,Nouvelle-Aquitaine
40600,40,Landes,Nouvelle-Aquitaine
40650,40,Landes,Nouvelle-Aquitaine
40700,40,Landes,Nouvelle-Aquitaine
40750,40,Landes,Nouvelle-Aquitaine
40800,40,Landes,Nouvelle-Aquitaine
40850,40,Landes,Nouvelle-Aquitaine
40900,40,Landes,Nouvelle-Aquitaine
40950,40,Landes,Nouvelle-Aquitaine
41000,41,Loir-et-Cher,Centre-Val de Loire
41050,41,Loir-et-Cher,Centre-Val de Loire
41100,41,Loir-et-Cher,Centre-Val de Loire
41150,41,Loir-et-Cher,Centre-Val de Loire
41200,41,Loir-et-Cher,Centre-Val de Loire
41250,41,Loir-et-Cher,Centre-Val de Loire
41300,41,Loir-et-Cher,Centre-Val de Loire
41350,41,Loir-et-Cher,Centre-Val de Loire
41400,41,Loir-et-Cher,Centre-Val de Loire
41450,41,Loir-et-Cher,Centre-Val de Loire
41500,41,Loir-et-Cher,Centre-Val de Loire
41550,41,Loir-et-Cher,Centre-Val de Loire
41600,41,Loir-et-Cher,Centre-Val de Loire
41650,41,Loir-et-Cher,Centre-Val de Loire
41700,41,Loir-et-Cher,Centre-Val de Loire
41750,41,Loir-et-Cher,Centre-Val de Loire
41800,41,Loir-et-Cher,Centre-Val de Loire
41850,41,Loir-et-Cher,Centre-Val de Loire
41900,41,Loir-et-Cher,Centre-Val de Loire
41950,41,Loir-et-Cher,Centre-Val de Loire
42000,42,Loire,Auvergne-Rhône-Alpes
42050,42,Loire,Auvergne-Rhône-Alpes
42100,42,Loire,Auvergne-Rhône-Alpes
42150,42,Loire,Auvergne-Rhône-Alpes
42200,42,Loire,Auvergne-Rhône-Alpes
42250,42,Loire,Auvergne-Rhône-Alpes
42300,42,Loire,Auvergne-Rhône-Alpes
42350,42,Loire,Auvergne-Rhône-Alpes
42400,42,Loire,Auvergne-Rhône-Alpes
42450,42,Loire,Auvergne-Rhône-Alpes
42500,42,Loire,Auvergne-Rhône-Alpes
42550,42,Loire,Auvergne-Rhône-Alpes
42600,42,Loire,Auvergne-Rhône-Alpes
42650,42,Loire,Auvergne-Rhône-Alpes
42700,42,Loire,Auvergne-Rhône-Alpes
42750,42,Loire,Auvergne-Rhône-Alpes
42800,42,Loire,Auvergne-Rhône-Alpes
42850,42,Loire,Auvergne-Rhône-Alpes
42900,42,Loire,Auvergne-Rhône-Alpes
42950,42,Loire,Auvergne-Rhône-Alpes
43000,43,Haute-Loire,Auvergne-Rhône-Alpes
43050,43,Haute-Loire,Auvergne-Rhône-Alpes
43100,43,Haute-Loire,Auvergne-Rhône-Alpes
43150,43,Haute-Loire,Auvergne-Rhône-Alpes
43200,43,Haute-Loire,Auvergne-Rhône-Alpes
43250,43,Haute-Loire,Auvergne-Rhône-Alpes
43300,43,Haute-Loire,Auvergne-Rhône-Alpes
43350,43,Haute-Loire,Auvergne-Rhône-Alpes
43400,43,Haute-Loire,Auvergne-Rhône-Alpes
43450,43,Haute-Loire,Auvergne-Rhône-Alpes
43500,43,Haute-Loire,Auvergne-Rhône-Alpes
43550,43,Haute-Loire,Auvergne-Rhône-Alpes
43600,43,Haute-Loire,Auvergne-Rhône-Alpes
43650,43,Haute-Loire,Auvergne-Rhône-Alpes
43700,43,Haute-Loire,Auvergne-Rhône-Alpes
43750,43,Haute-Loire,Auvergne-Rhône-Alpes
43800,43,Haute-Loire,Auvergne-Rhône-Alpes
43850,43,Haute-Loire,Auvergne-Rhône-Alpes
43900,43,Haute-Loire,Auvergne-Rhône-Alpes
43950,43,Haute-Loire,Auvergne-Rhône-Alpes
44000,44,Loire-Atlantique,Pays de la Loire
44050,44,Loire-Atlantique,Pays de la Loire
44100,44,Loire-Atlantique,Pays de la Loire
44150,44,Loire-Atlantique,Pays de la Loire
44200,44,Loire-Atlantique,Pays de la Loire
44250,44,Loire-Atlantique,Pays de la Loire
44300,44,Loire-Atlantique,Pays de la Loire
44350,44,Loire-Atlantique,Pays de la Loire
44400,44,Loire-Atlantique,Pays de la Loire
44450,44,Loire-Atlantique,Pays de la Loire
44500,44,Loire-Atlantique,Pays de la Loire
44550,44,Loire-Atlantique,Pays de la Loire
44600,44,Loire-Atlantique,Pays de la Loire
44650,44,Loire-Atlantique,Pays de la Loire
44700,44,Loire-Atlantique,Pays de la Loire
44750,44,Loire-Atlantique,Pays de la Loire
44800,44,Loire-Atlantique,Pays de la Loire
44850,44,Loire-Atlantique,Pays de la Loire
44900,44,Loire-Atlantique,Pays de la Loire
44950,44,Loire-Atlantique,Pays de la Loire
45000,45,Loiret,Centre-Val de Loire
45050,45,Loiret,Centre-Val de Loire
45100,45,Loiret,Centre-Val de Loire
45150,45,Loiret,Centre-Val de Loire
45200,45,Loiret,Centre-Val de Loire
45250,45,Loiret,Centre-Val de Loire
45300,45,Loiret,Centre-Val de Loire
45350,45,Loiret,Centre-Val de Loire
45400,45,Loiret,Centre-Val de Loire
45450,45,Loiret,Centre-Val de Loire
45500,45,Loiret,Centre-Val de Loire
45550,45,Loiret,Centre-Val de Loire
45600,45,Loiret,Centre-Val de Loire
45650,45,Loiret,Centre-Val de Loire
45700,45,Loiret,Centre-Val de Loire
45750,45,Loiret,Centre-Val de Loire
45800,45,Loiret,Centre-Val de Loire
45850,45,Loiret,Centre-Val de Loire
45900,45,Loiret,Centre-Val de Loire
45950,45,Loiret,Centre-Val de Loire
46000,46,Lot,Occitanie
46050,46,Lot,Occitanie
46100,46,Lot,Occitanie
46150,46,Lot,Occitanie
46200,46,Lot,Occitanie
46250,46,Lot,Occitanie
46300,46,Lot,Occitanie
46350,46,Lot,Occitanie
46400,46,Lot,Occitanie
46450,46,Lot,Occitanie
46500,46,Lot,Occitanie
46550,46,Lot,Occitanie
46600,46,Lot,Occitanie
46650,46,Lot,Occitanie
46700,46,Lot,Occitanie
46750,46,Lot,Occitanie
46800,46,Lot,Occitanie
46850,46,Lot,Occitanie
46900,46,Lot,Occitanie
46950,46,Lot,Occitanie
47000,47,Lot-et-Garonne,Nouvelle-Aquitaine
47050,47,Lot-et-Garonne,Nouvelle-Aquitaine
47100,47,Lot-et-Garonne,Nouvelle-Aquitaine
47150,47,Lot-et-Garonne,Nouvelle-Aquitaine
47200,47,Lot-et-Garonne,Nouvelle-Aquitaine
47250,47,Lot-et-Garonne,Nouvelle-Aquitaine
47300,47,Lot-et-Garonne,Nouvelle-Aquitaine
47350,47,Lot-et-Garonne,Nouvelle-Aquitaine
47400,47,Lot-et-Garonne,Nouvelle-Aquitaine
47450,47,Lot-et-Garonne,Nouvelle-Aquitaine
47500,47,Lot-et-Garonne,Nouvelle-Aquitaine
47550,47,Lot-et-Garonne,Nouvelle-Aquitaine
47600,47,Lot-et-Garonne,Nouvelle-Aquitaine
47650,47,Lot-et-Garonne,Nouvelle-Aquitaine
47700,47,Lot-et-Garonne,Nouvelle-Aquitaine
47750,47,Lot-et-Garonne,Nouvelle-Aquitaine
47800,47,Lot-et-Garonne,Nouvelle-Aquitaine
47850,47,Lot-et-Garonne,Nouvelle-Aquitaine
47900,47,Lot-et-Garonne,Nouvelle-Aquitaine
47950,47,Lot-et-Garonne,Nouvelle-Aquitaine
48000,48,Lozère,Occitanie
48050,48,Lozère,Occitanie
48100,48,Lozère,Occitanie
48150,48,Lozère,Occitanie
48200,48,Lozère,Occitanie
48250,48,Lozère,Occitanie
48300,48,Lozère,Occitanie
48350,48,Lozère,Occitanie
48400,48,Lozère,Occitanie
48450,48,Lozère,Occitanie
48500,48,Lozère,Occitanie
48550,48,Lozère,Occitanie
48600,48,Lozère,Occitanie
48650,48,Lozère,Occitanie
48700,48,Lozère,Occitanie
48750,48,Lozère,Occitanie
48800,48,Lozère,Occitanie
48850,48,Lozère,Occitanie
48900,48,Lozère,Occitanie
48950,48,Lozère,Occitanie
49000,49,Maine-et-Loire,Pays de la Loire
49050,49,Maine-et-Loire,Pays de la Loire
49100,49,Maine-et-Loire,Pays de la Loire
49150,49,Maine-et-Loire,Pays de la Loire
49200,49,Maine-et-Loire,Pays de la Loire
49250,49,Maine-et-Loire,Pays de la Loire
49300,49,Maine-et-Loire,Pays de la Loire
49350,49,Maine-et-Loire,Pays de la Loire
49400,49,Maine-et-Loire,Pays de la Loire
49450,49,Maine-et-Loire,Pays de la Loire
49500,49,Maine-et-Loire,Pays de la Loire
49550,49,Maine-et-Loire,Pays de la Loire
49600,49,Maine-et-Loire,Pays de la Loire
49650,49,Maine-et-Loire,Pays de la Loire
49700,49,Maine-et-Loire,Pays de la Loire
49750,49,Maine-et-Loire,Pays de la Loire
49800,49,Maine-et-Loire,Pays de la Loire
49850,49,Maine-et-Loire,Pays de la Loire
49900,49,Maine-et-Loire,Pays de la Loire
49950,49,Maine-et-Loire,Pays de la Loire
50000,50,Manche,Normandie
50050,50,Manche,Normandie
50100,50,Manche,Normandie
50150,50,Manche,Normandie
50200,50,Manche,Normandie
50250,50,Manche,Normandie
50300,50,Manche,Normandie
50350,50,Manche,Normandie
50400,50,Manche,Normandie
50450,50,Manche,Normandie
50500,50,Manche,Normandie
50550,50,Manche,Normandie
50600,50,Manche,Normandie
50650,50,Manche,Normandie
50700,50,Manche,Normandie
50750,50,Manche,Normandie
50800,50,Manche,Normandie
50850,50,Manche,Normandie
50900,50,Manche,Normandie
50950,50,Manche,Normandie
51000,51,Marne,Grand Est
51050,51,Marne,Grand Est
51100,51,Marne,Grand Est
51150,51,Marne,Grand Est
51200,51,Marne,Grand Est
51250,51,Marne,Grand Est
51300,51,Marne,Grand Est
51350,51,Marne,Grand Est
51400,51,Marne,Grand Est
51450,51,Marne,Grand Est
51500,51,Marne,Grand Est
51550,51,Marne,Grand Est
51600,51,Marne,Grand Est
51650,51,Marne,Grand Est
51700,51,Marne,Grand Est
51750,51,Marne,Grand Est
51800,51,Marne,Grand Est
51850,51,Marne,Grand Est
51900,51,Marne,Grand Est
51950,51,Marne,Grand Est
52000,52,Haute-Marne,Grand Est
52050,52,Haute-Marne,Grand Est
52100,52,Haute-Marne,Grand Est
52150,52,Haute-Marne,Grand Est
52200,52,Haute-Marne,Grand Est
52250,52,Haute-Marne,Grand Est
52300,52,Haute-Marne,Grand Est
52350,52,Haute-Marne,Grand Est
52400,52,Haute-Marne,Grand Est
52450,52,Haute-Marne,Grand Est
52500,52,Haute-Marne,Grand Est
52550,52,Haute-Marne,Grand Est
52600,52,Haute-Marne,Grand Est
52650,52,Haute-Marne,Grand Est
52700,52,Haute-Marne,Grand Est
52750,52,Haute-Marne,Grand Est
52800,52,Haute-Marne,Grand Est
52850,52,Haute-Marne,Grand Est
52900,52,Haute-Marne,Grand Est
52950,52,Haute-Marne,Grand Est
53000,53,Mayenne,Pays de la Loire
53050,53,Mayenne,Pays de la Loire
53100,53,Mayenne,Pays de la Loire
53150,53,Mayenne,Pays de la Loire
53200,53,Mayenne,Pays de la Loire
53250,53,Mayenne,Pays de la Loire
53300,53,Mayenne,Pays de la Loire
53350,53,Mayenne,Pays de la Loire
53400,53,Mayenne,Pays de la Loire
53450,53,Mayenne,Pays de la Loire
53500,53,Mayenne,Pays de la Loire
53550,53,Mayenne,Pays de la Loire
53600,53,Mayenne,Pays de la Loire
53650,53,Mayenne,Pays de la Loire
53700,53,Mayenne,Pays de la Loire
53750,53,Mayenne,Pays de la Loire
53800,53,Mayenne,Pays de la Loire
53850,53,Mayenne,Pays de la Loire
53900,53,Mayenne,Pays de la Loire
53950,53,Mayenne,Pays de la Loire
54000,54,Meurthe-et-Moselle,Grand Est
54050,54,Meurthe-et-Moselle,Grand Est
54100,54,Meurthe-et-Moselle,Grand Est
54150,54,Meurthe-et-Moselle,Grand Est
54200,54,Meurthe-et-Moselle,Grand Est
54250,54,Meurthe-et-Moselle,Grand Est
54300,54,Meurthe-et-Moselle,Grand Est
54350,54,Meurthe-et-Moselle,Grand Est
54400,54,Meurthe-et-Moselle,Grand Est
54450,54,Meurthe-et-Moselle,Grand Est
54500,54,Meurthe-et-Moselle,Grand Est
54550,54,Meurthe-et-Moselle,Grand Est
54600,54,Meurthe-et-Moselle,Grand Est
54650,54,Meurthe-et-Moselle,Grand Est
54700,54,Meurthe-et-Moselle,Grand Est
54750,54,Meurthe-et-Moselle,Grand Est
54800,54,Meurthe-et-Moselle,Grand Est
54850,54,Meurthe-et-Moselle,Grand Est
54900,54,Meurthe-et-Moselle,Grand Est
54950,54,Meurthe-et-Moselle,Grand Est
55000,55,Meuse,Grand Est
55050,55,Meuse,Grand Est
55100,55,Meuse,Grand Est
55150,55,Meuse,Grand Est
55200,55,Meuse,Grand Est
55250,55,Meuse,Grand Est
55300,55,Meuse,Grand Est
55350,55,Meuse,Grand Est
55400,55,Meuse,Grand Est
55450,55,Meuse,Grand Est
55500,55,Meuse,Grand Est
55550,55,Meuse,Grand Est
55600,55,Meuse,Grand Est
55650,55,Meuse,Grand Est
55700,55,Meuse,Grand Est
55750,55,Meuse,Grand Est
55800,55,Meuse,Grand Est
55850,55,Meuse,Grand Est
55900,55,Meuse,Grand Est
55950,55,Meuse,Grand Est
56000,56,Morbihan,Bretagne
56050,56,Morbihan,Bretagne
56100,56,Morbihan,Bretagne
56150,56,Morbihan,Bretagne
56200,56,Morbihan,Bretagne
56250,56,Morbihan,Bretagne
56300,56,Morbihan,Bretagne
56350,56,Morbihan,Bretagne
56400,56,Morbihan,Bretagne
56450,56,Morbihan,Bretagne
56500,56,Morbihan,Bretagne
56550,56,Morbihan,Bretagne
56600,56,Morbihan,Bretagne
56650,56,Morbihan,Bretagne
56700,56,Morbihan,Bretagne
56750,56,Morbihan,Bretagne
56800,56,Morbihan,Bretagne
56850,56,Morbihan,Bretagne
56900,56,Morbihan,Bretagne
56950,56,Morbihan,Bretagne
57000,57,Moselle,Grand Est
57050,57,Moselle,Grand Est
57100,57,Moselle,Grand Est
57150,57,Moselle,Grand Est
57200,57,Moselle,Grand Est
57250,57,Moselle,Grand Est
57300,57,Moselle,Grand Est
57350,57,Moselle,Grand Est
57400,57,Moselle,Grand Est
57450,57,Moselle,Grand Est
57500,57,Moselle,Grand Est
57550,57,Moselle,Grand Est
57600,57,Moselle,Grand Est
57650,57,Moselle,Grand Est
57700,57,Moselle,Grand Est
57750,57,Moselle,Grand Est
57800,57,Moselle,Grand Est
57850,57,Moselle,Grand Est
57900,57,Moselle,Grand Est
57950,57,Moselle,Grand Est
58000,58,Nièvre,Bourgogne-Franche-Comté
58050,58,Nièvre,Bourgogne-Franche-Comté
58100,58,Nièvre,Bourgogne-Franche-Comté
58150,58,Nièvre,Bourgogne-Franche-Comté
58200,58,Nièvre,Bourgogne-Franche-Comté
58250,58,Nièvre,Bourgogne-Franche-Comté
58300,58,Nièvre,Bourgogne-Franche-Comté
58350,58,Nièvre,Bourgogne-Franche-Comté
58400,58,Nièvre,Bourgogne-Franche-Comté
58450,58,Nièvre,Bourgogne-Franche-Comté
58500,58,Nièvre,Bourgogne-Franche-Comté
58550,58,Nièvre,Bourgogne-Franche-Comté
58600,58,Nièvre,Bourgogne-Franche-Comté
58650,58,Nièvre,Bourgogne-Franche-Comté
58700,58,Nièvre,Bourgogne-Franche-Comté
58750,58,Nièvre,Bourgogne-Franche-Comté
58800,58,Nièvre,Bourgogne-Franche-Comté
58850,58,Nièvre,Bourgogne-Franche-Comté
58900,58,Nièvre,Bourgogne-Franche-Comté
58950,58,Nièvre,Bourgogne-Franche-Comté
59000,59,Nord,Hauts-de-France
59050,59,Nord,Hauts-de-France
59100,59,Nord,Hauts-de-France
59150,59,Nord,Hauts-de-France
59200,59,Nord,Hauts-de-France
59250,59,Nord,Hauts-de-France
59300,59,Nord,Hauts-de-France
59350,59,Nord,Hauts-de-France
59400,59,Nord,Hauts-de-France
59450,59,Nord,Hauts-de-France
59500,59,Nord,Hauts-de-France
59550,59,Nord,Hauts-de-France
59600,59,Nord,Hauts-de-France
59650,59,Nord,Hauts-de-France
59700,59,Nord,Hauts-de-France
59750,59,Nord,Hauts-de-France
59800,59,Nord,Hauts-de-France
59850,59,Nord,Hauts-de-France
59900,59,Nord,Hauts-de-France
59950,59,Nord,Hauts-de-France
60000,60,Oise,Hauts-de-France
60050,60,Oise,Hauts-de-France
60100,60,Oise,Hauts-de-France
60150,60,Oise,Hauts-de-France
60200,60,Oise,Hauts-de-France
60250,60,Oise,Hauts-de-France
60300,60,Oise,Hauts-de-France
60350,60,Oise,Hauts-de-France
60400,60,Oise,Hauts-de-France
60450,60,Oise,Hauts-de-France
60500,60,Oise,Hauts-de-France
60550,60,Oise,Hauts-de-France
60600,60,Oise,Hauts-de-France
60650,60,Oise,Hauts-de-France
60700,60,Oise,Hauts-de-France
60750,60,Oise,Hauts-de-France
60800,60,Oise,Hauts-de-France
60850,60,Oise,Hauts-de-France
60900,60,Oise,Hauts-de-France
60950,60,Oise,Hauts-de-France
61000,61,Orne,Normandie
61050,61,Orne,Normandie
61100,61,Orne,Normandie
61150,61,Orne,Normandie
61200,61,Orne,Normandie
61250,61,Orne,Normandie
61300,61,Orne,Normandie
61350,61,Orne,Normandie
61400,61,Orne,Normandie
61450,61,Orne,Normandie
61500,61,Orne,Normandie
61550,61,Orne,Normandie
61600,61,Orne,Normandie
61650,61,Orne,Normandie
61700,61,Orne,Normandie
61750,61,Orne,Normandie
61800,61,Orne,Normandie
61850,61,Orne,Normandie
61900,61,Orne,Normandie
61950,61,Orne,Normandie
62000,62,Pas-de-Calais,Hauts-de-France
62050,62,Pas-de-Calais,Hauts-de-France
62100,62,Pas-de-Calais,Hauts-de-France
62150,62,Pas-de-Calais,Hauts-de-France
62200,62,Pas-de-Calais,Hauts-de-France
62250,62,Pas-de-Calais,Hauts-de-France
62300,62,Pas-de-Calais,Hauts-de-France
62350,62,Pas-de-Calais,Hauts-de-France
62400,62,Pas-de-Calais,Hauts-de-France
62450,62,Pas-de-Calais,Hauts-de-France
62500,62,Pas-de-Calais,Hauts-de-France
62550,62,Pas-de-Calais,Hauts-de-France
62600,62,Pas-de-Calais,Hauts-de-France
62650,62,Pas-de-Calais,Hauts-de-France
62700,62,Pas-de-Calais,Hauts-de-France
62750,62,Pas-de-Calais,Hauts-de-France
62800,62,Pas-de-Calais,Hauts-de-France
62850,62,Pas-de-Calais,Hauts-de-France
62900,62,Pas-de-Calais,Hauts-de-France
62950,62,Pas-de-Calais,Hauts-de-France
63000,63,Puy-de-Dôme,Auvergne-Rhône-Alpes
63050,63,Puy-de-Dôme,Auvergne-Rhône-Alpes
63100,63,Puy-de-Dôme,Auvergne-Rhône-Alpes
63150,63,Puy-de-Dôme,Auvergne-Rhône-Alpes
63200,63,Puy-de-Dôme,Auvergne-Rhône-Alpes
63250,63,Puy-de-Dôme,Auvergne-Rhône-Alpes
63300,63,Puy-de-Dôme,Auvergne-Rhône-Alpes
63350,63,Puy-de-Dôme,Auvergne-Rhône-Alpes
63400,63,Puy-de-Dôme,Auvergne-Rhône-Alpes
63450,63,Puy-de-Dôme,Auvergne-Rhône-Alpes
63500,63,Puy-de-Dôme,Auvergne-Rhône-Alpes
63550,63,Puy-de-Dôme,Auvergne-Rhône-Alpes
63600,63,Puy-de-Dôme,Auvergne-Rhône-Alpes
63650,63,Puy-de-Dôme,Auvergne-Rhône-Alpes
63700,63,Puy-de-Dôme,Auvergne-Rhône-Alpes
63750,63,Puy-de-Dôme,Auvergne-Rhône-Alpes
63800,63,Puy-de-Dôme,Auvergne-Rhône-Alpes
63850,63,Puy-de-Dôme,Auvergne-Rhône-Alpes
63900,63,Puy-de-Dôme,Auvergne-Rhône-Alpes
63950,63,Puy-de-Dôme,Auvergne-Rhône-Alpes
64000,64,Pyrénées-Atlantiques,Nouvelle-Aquitaine
64050,64,Pyrénées-Atlantiques,Nouvelle-Aquitaine
64100,64,Pyrénées-Atlantiques,Nouvelle-Aquitaine
64150,64,Pyrénées-Atlantiques,Nouvelle-Aquitaine
64200,64,Pyrénées-Atlantiques,Nouvelle-Aquitaine
64250,64,Pyrénées-Atlantiques,Nouvelle-Aquitaine
64300,64,Pyrénées-Atlantiques,Nouvelle-Aquitaine
64350,64,Pyrénées-Atlantiques,Nouvelle-Aquitaine
64400,64,Pyrénées-Atlantiques,Nouvelle-Aquitaine
64450,64,Pyrénées-Atlantiques,Nouvelle-Aquitaine
64500,64,Pyrénées-Atlantiques,Nouvelle-Aquitaine
64550,64,Pyrénées-Atlantiques,Nouvelle-Aquitaine
64600,64,Pyrénées-Atlantiques,Nouvelle-Aquitaine
64650,64,Pyrénées-Atlantiques,Nouvelle-Aquitaine
64700,64,Pyrénées-Atlantiques,Nouvelle-Aquitaine
64750,64,Pyrénées-Atlantiques,Nouvelle-Aquitaine
64800,64,Pyrénées-Atlantiques,Nouvelle-Aquitaine
64850,64,Pyrénées-Atlantiques,Nouvelle-Aquitaine
64900,64,Pyrénées-Atlantiques,Nouvelle-Aquitaine
64950,64,Pyrénées-Atlantiques,Nouvelle-Aquitaine
65000,65,Hautes-Pyrénées,Occitanie
65050,65,Hautes-Pyrénées,Occitanie
65100,65,Hautes-Pyrénées,Occitanie
65150,65,Hautes-Pyrénées,Occitanie
65200,65,Hautes-Pyrénées,Occitanie
65250,65,Hautes-Pyrénées,Occitanie
65300,65,Hautes-Pyrénées,Occitanie
65350,65,Hautes-Pyrénées,Occitanie
65400,65,Hautes-Pyrénées,Occitanie
65450,65,Hautes-Pyrénées,Occitanie
65500,65,Hautes-Pyrénées,Occitanie
65550,65,Hautes-Pyrénées,Occitanie
65600,65,Hautes-Pyrénées,Occitanie
65650,65,Hautes-Pyrénées,Occitanie
65700,65,Hautes-Pyrénées,Occitanie
65750,65,Hautes-Pyrénées,Occitanie
65800,65,Hautes-Pyrénées,Occitanie
65850,65,Hautes-Pyrénées,Occitanie
65900,65,Hautes-Pyrénées,Occitanie
65950,65,Hautes-Pyrénées,Occitanie
66000,66,Pyrénées-Orientales,Occitanie
66050,66,Pyrénées-Orientales,Occitanie
66100,66,Pyrénées-Orientales,Occitanie
66150,66,Pyrénées-Orientales,Occitanie
66200,66,Pyrénées-Orientales,Occitanie
66250,66,Pyrénées-Orientales,Occitanie
66300,66,Pyrénées-Orientales,Occitanie
66350,66,Pyrénées-Orientales,Occitanie
66400,66,Pyrénées-Orientales,Occitanie
66450,66,Pyrénées-Orientales,Occitanie
66500,66,Pyrénées-Orientales,Occitanie
66550,66,Pyrénées-Orientales,Occitanie
66600,66,Pyrénées-Orientales,Occitanie
66650,66,Pyrénées-Orientales,Occitanie
66700,66,Pyrénées-Orientales,Occitanie
66750,66,Pyrénées-Orientales,Occitanie
66800,66,Pyrénées-Orientales,Occitanie
66850,66,Pyrénées-Orientales,Occitanie
66900,66,Pyrénées-Orientales,Occitanie
66950,66,Pyrénées-Orientales,Occitanie
67000,67,Bas-Rhin,Grand Est
67050,67,Bas-Rhin,Grand Est
67100,67,Bas-Rhin,Grand Est
67150,67,Bas-Rhin,Grand Est
67200,67,Bas-Rhin,Grand Est
67250,67,Bas-Rhin,Grand Est
67300,67,Bas-Rhin,Grand Est
67350,67,Bas-Rhin,Grand Est
67400,67,Bas-Rhin,Grand Est
67450,67,Bas-Rhin,Grand Est
67500,67,Bas-Rhin,Grand Est
67550,67,Bas-Rhin,Grand Est
67600,67,Bas-Rhin,Grand Est
67650,67,Bas-Rhin,Grand Est
67700,67,Bas-Rhin,Grand Est
67750,67,Bas-Rhin,Grand Est
67800,67,Bas-Rhin,Grand Est
67850,67,Bas-Rhin,Grand Est
67900,67,Bas-Rhin,Grand Est
67950,67,Bas-Rhin,Grand Est
68000,68,Haut-Rhin,Grand Est
68050,68,Haut-Rhin,Grand Est
68100,68,Haut-Rhin,Grand Est
68150,68,Haut-Rhin,Grand Est
68200,68,Haut-Rhin,Grand Est
68250,68,Haut-Rhin,Grand Est
68300,68,Haut-Rhin,Grand Est
68350,68,Haut-Rhin,Grand Est
68400,68,Haut-Rhin,Grand Est
68450,68,Haut-Rhin,Grand Est
68500,68,Haut-Rhin,Grand Est
68550,68,Haut-Rhin,Grand Est
68600,68,Haut-Rhin,Grand Est
68650,68,Haut-Rhin,Grand Est
68700,68,Haut-Rhin,Grand Est
68750,68,Haut-Rhin,Grand Est
68800,68,Haut-Rhin,Grand Est
68850,68,Haut-Rhin,Grand Est
68900,68,Haut-Rhin,Grand Est
68950,68,Haut-Rhin,Grand Est
69000,69,Rhône,Auvergne-Rhône-Alpes
69050,69,Rhône,Auvergne-Rhône-Alpes
69100,69,Rhône,Auvergne-Rhône-Alpes
69150,69,Rhône,Auvergne-Rhône-Alpes
69200,69,Rhône,Auvergne-Rhône-Alpes
69250,69,Rhône,Auvergne-Rhône-Alpes
69300,69,Rhône,Auvergne-Rhône-Alpes
69350,69,Rhône,Auvergne-Rhône-Alpes
69400,69,Rhône,Auvergne-Rhône-Alpes
69450,69,Rhône,Auvergne-Rhône-Alpes
69500,69,Rhône,Auvergne-Rhône-Alpes
69550,69,Rhône,Auvergne-Rhône-Alpes
69600,69,Rhône,Auvergne-Rhône-Alpes
69650,69,Rhône,Auvergne-Rhône-Alpes
69700,69,Rhône,Auvergne-Rhône-Alpes
69750,69,Rhône,Auvergne-Rhône-Alpes
69800,69,Rhône,Auvergne-Rhône-Alpes
69850,69,Rhône,Auvergne-Rhône-Alpes
69900,69,Rhône,Auvergne-Rhône-Alpes
69950,69,Rhône,Auvergne-Rhône-Alpes
70000,70,Haute-Saône,Bourgogne-Franche-Comté
70050,70,Haute-Saône,Bourgogne-Franche-Comté
70100,70,Haute-Saône,Bourgogne-Franche-Comté
70150,70,Haute-Saône,Bourgogne-Franche-Comté
70200,70,Haute-Saône,Bourgogne-Franche-Comté
70250,70,Haute-Saône,Bourgogne-Franche-Comté
70300,70,Haute-Saône,Bourgogne-Franche-Comté
70350,70,Haute-Saône,Bourgogne-Franche-Comté
70400,70,Haute-Saône,Bourgogne-Franche-Comté
70450,70,Haute-Saône,Bourgogne-Franche-Comté
70500,70,Haute-Saône,Bourgogne-Franche-Comté
70550,70,Haute-Saône,Bourgogne-Franche-Comté
70600,70,Haute-Saône,Bourgogne-Franche-Comté
70650,70,Haute-Saône,Bourgogne-Franche-Comté
70700,70,Haute-Saône,Bourgogne-Franche-Comté
70750,70,Haute-Saône,Bourgogne-Franche-Comté
70800,70,Haute-Saône,Bourgogne-Franche-Comté
70850,70,Haute-Saône,Bourgogne-Franche-Comté
70900,70,Haute-Saône,Bourgogne-Franche-Comté
70950,70,Haute-Saône,Bourgogne-Franche-Comté
71000,71,Saône-et-Loire,Bourgogne-Franche-Comté
71050,71,Saône-et-Loire,Bourgogne-Franche-Comté
71100,71,Saône-et-Loire,Bourgogne-Franche-Comté
71150,71,Saône-et-Loire,Bourgogne-Franche-Comté
71200,71,Saône-et-Loire,Bourgogne-Franche-Comté
71250,71,Saône-et-Loire,Bourgogne-Franche-Comté
71300,71,Saône-et-Loire,Bourgogne-Franche-Comté
71350,71,Saône-et-Loire,Bourgogne-Franche-Comté
71400,71,Saône-et-Loire,Bourgogne-Franche-Comté
71450,71,Saône-et-Loire,Bourgogne-Franche-Comté
71500,71,Saône-et-Loire,Bourgogne-Franche-Comté
71550,71,Saône-et-Loire,Bourgogne-Franche-Comté
71600,71,Saône-et-Loire,Bourgogne-Franche-Comté
71650,71,Saône-et-Loire,Bourgogne-Franche-Comté
71700,71,Saône-et-Loire,Bourgogne-Franche-Comté
71750,71,Saône-et-Loire,Bourgogne-Franche-Comté
71800,71,Saône-et-Loire,Bourgogne-Franche-Comté
71850,71,Saône-et-Loire,Bourgogne-Franche-Comté
71900,71,Saône-et-Loire,Bourgogne-Franche-Comté
71950,71,Saône-et-Loire,Bourgogne-Franche-Comté
72000,72,Sarthe,Pays de la Loire
72050,72,Sarthe,Pays de la Loire
72100,72,Sarthe,Pays de la Loire
72150,72,Sarthe,Pays de la Loire
72200,72,Sarthe,Pays de la Loire
72250,72,Sarthe,Pays de la Loire
72300,72,Sarthe,Pays de la Loire
72350,72,Sarthe,Pays de la Loire
72400,72,Sarthe,Pays de la Loire
72450,72,Sarthe,Pays de la Loire
72500,72,Sarthe,Pays de la Loire
72550,72,Sarthe,Pays de la Loire
72600,72,Sarthe,Pays de la Loire
72650,72,Sarthe,Pays de la Loire
72700,72,Sarthe,Pays de la Loire
72750,72,Sarthe,Pays de la Loire
72800,72,Sarthe,Pays de la Loire
72850,72,Sarthe,Pays de la Loire
72900,72,Sarthe,Pays de la Loire
72950,72,Sarthe,Pays de la Loire
73000,73,Savoie,Auvergne-Rhône-Alpes
73050,73,Savoie,Auvergne-Rhône-Alpes
73100,73,Savoie,Auvergne-Rhône-Alpes
73150,73,Savoie,Auvergne-Rhône-Alpes
73200,73,Savoie,Auvergne-Rhône-Alpes
73250,73,Savoie,Auvergne-Rhône-Alpes
73300,73,Savoie,Auvergne-Rhône-Alpes
73350,73,Savoie,Auvergne-Rhône-Alpes
73400,73,Savoie,Auvergne-Rhône-Alpes
73450,73,Savoie,Auvergne-Rhône-Alpes
73500,73,Savoie,Auvergne-Rhône-Alpes
73550,73,Savoie,Auvergne-Rhône-Alpes
73600,73,Savoie,Auvergne-Rhône-Alpes
73650,73,Savoie,Auvergne-Rhône-Alpes
73700,73,Savoie,Auvergne-Rhône-Alpes
73750,73,Savoie,Auvergne-Rhône-Alpes
73800,73,Savoie,Auvergne-Rhône-Alpes
73850,73,Savoie,Auvergne-Rhône-Alpes
73900,73,Savoie,Auvergne-Rhône-Alpes
73950,73,Savoie,Auvergne-Rhône-Alpes
74000,74,Haute-Savoie,Auvergne-Rhône-Alpes
74050,74,Haute-Savoie,Auvergne-Rhône-Alpes
74100,74,Haute-Savoie,Auvergne-Rhône-Alpes
74150,74,Haute-Savoie,Auvergne-Rhône-Alpes
74200,74,Haute-Savoie,Auvergne-Rhône-Alpes
74250,74,Haute-Savoie,Auvergne-Rhône-Alpes
74300,74,Haute-Savoie,Auvergne-Rhône-Alpes
74350,74,Haute-Savoie,Auvergne-Rhône-Alpes
74400,74,Haute-Savoie,Auvergne-Rhône-Alpes
74450,74,Haute-Savoie,Auvergne-Rhône-Alpes
74500,74,Haute-Savoie,Auvergne-Rhône-Alpes
74550,74,Haute-Savoie,Auvergne-Rhône-Alpes
74600,74,Haute-Savoie,Auvergne-Rhône-Alpes
74650,74,Haute-Savoie,Auvergne-Rhône-Alpes
74700,74,Haute-Savoie,Auvergne-Rhône-Alpes
74750,74,Haute-Savoie,Auvergne-Rhône-Alpes
74800,74,Haute-Savoie,Auvergne-Rhône-Alpes
74850,74,Haute-Savoie,Auvergne-Rhône-Alpes
74900,74,Haute-Savoie,Auvergne-Rhône-Alpes
74950,74,Haute-Savoie,Auvergne-Rhône-Alpes
75000,75,Paris,Île-de-France
75050,75,Paris,Île-de-France
75100,75,Paris,Île-de-France
75150,75,Paris,Île-de-France
75200,75,Paris,Île-de-France
75250,75,Paris,Île-de-France
75300,75,Paris,Île-de-France
75350,75,Paris,Île-de-France
75400,75,Paris,Île-de-France
75450,75,Paris,Île-de-France
75500,75,Paris,Île-de-France
75550,75,Paris,Île-de-France
75600,75,Paris,Île-de-France
75650,75,Paris,Île-de-France
75700,75,Paris,Île-de-France
75750,75,Paris,Île-de-France
75800,75,Paris,Île-de-France
75850,75,Paris,Île-de-France
75900,75,Paris,Île-de-France
75950,75,Paris,Île-de-France
76000,76,Seine-Maritime,Normandie
76050,76,Seine-Maritime,Normandie
76100,76,Seine-Maritime,Normandie
76150,76,Seine-Maritime,Normandie
76200,76,Seine-Maritime,Normandie
76250,76,Seine-Maritime,Normandie
76300,76,Seine-Maritime,Normandie
76350,76,Seine-Maritime,Normandie
76400,76,Seine-Maritime,Normandie
76450,76,Seine-Maritime,Normandie
76500,76,Seine-Maritime,Normandie
76550,76,Seine-Maritime,Normandie
76600,76,Seine-Maritime,Normandie
76650,76,Seine-Maritime,Normandie
76700,76,Seine-Maritime,Normandie
76750,76,Seine-Maritime,Normandie
76800,76,Seine-Maritime,Normandie
76850,76,Seine-Maritime,Normandie
76900,76,Seine-Maritime,Normandie
76950,76,Seine-Maritime,Normandie
77000,77,Seine-et-Marne,Île-de-France
77050,77,Seine-et-Marne,Île-de-France
77100,77,Seine-et-Marne,Île-de-France
77150,77,Seine-et-Marne,Île-de-France
77200,77,Seine-et-Marne,Île-de-France
77250,77,Seine-et-Marne,Île-de-France
77300,77,Seine-et-Marne,Île-de-France
77350,77,Seine-et-Marne,Île-de-France
77400,77,Seine-et-Marne,Île-de-France
77450,77,Seine-et-Marne,Île-de-France
77500,77,Seine-et-Marne,Île-de-France
77550,77,Seine-et-Marne,Île-de-France
77600,77,Seine-et-Marne,Île-de-France
77650,77,Seine-et-Marne,Île-de-France
77700,77,Seine-et-Marne,Île-de-France
77750,77,Seine-et-Marne,Île-de-France
77800,77,Seine-et-Marne,Île-de-France
77850,77,Seine-et-Marne,Île-de-France
77900,77,Seine-et-Marne,Île-de-France
77950,77,Seine-et-Marne,Île-de-France
78000,78,Yvelines,Île-de-France
78050,78,Yvelines,Île-de-France
78100,78,Yvelines,Île-de-France
78150,78,Yvelines,Île-de-France
78200,78,Yvelines,Île-de-France
78250,78,Yvelines,Île-de-France
78300,78,Yvelines,Île-de-France
78350,78,Yvelines,Île-de-France
78400,78,Yvelines,Île-de-France
78450,78,Yvelines,Île-de-France
78500,78,Yvelines,Île-de-France
78550,78,Yvelines,Île-de-France
78600,78,Yvelines,Île-de-France
78650,78,Yvelines,Île-de-France
78700,78,Yvelines,Île-de-France
78750,78,Yvelines,Île-de-France
78800,78,Yvelines,Île-de-France
78850,78,Yvelines,Île-de-France
78900,78,Yvelines,Île-de-France
78950,78,Yvelines,Île-de-France
79000,79,Deux-Sèvres,Nouvelle-Aquitaine
79050,79,Deux-Sèvres,Nouvelle-Aquitaine
79100,79,Deux-Sèvres,Nouvelle-Aquitaine
79150,79,Deux-Sèvres,Nouvelle-Aquitaine
79200,79,Deux-Sèvres,Nouvelle-Aquitaine
79250,79,Deux-Sèvres,Nouvelle-Aquitaine
79300,79,Deux-Sèvres,Nouvelle-Aquitaine
79350,79,Deux-Sèvres,Nouvelle-Aquitaine
79400,79,Deux-Sèvres,Nouvelle-Aquitaine
79450,79,Deux-Sèvres,Nouvelle-Aquitaine
79500,79,Deux-Sèvres,Nouvelle-Aquitaine
79550,79,Deux-Sèvres,Nouvelle-Aquitaine
79600,79,Deux-Sèvres,Nouvelle-Aquitaine
79650,79,Deux-Sèvres,Nouvelle-Aquitaine
79700,79,Deux-Sèvres,Nouvelle-Aquitaine
79750,79,Deux-Sèvres,Nouvelle-Aquitaine
79800,79,Deux-Sèvres,Nouvelle-Aquitaine
79850,79,Deux-Sèvres,Nouvelle-Aquitaine
79900,79,Deux-Sèvres,Nouvelle-Aquitaine
79950,79,Deux-Sèvres,Nouvelle-Aquitaine
80000,80,Somme,Hauts-de-France
80050,80,Somme,Hauts-de-France
80100,80,Somme,Hauts-de-France
80150,80,Somme,Hauts-de-France
80200,80,Somme,Hauts-de-France
80250,80,Somme,Hauts-de-France
80300,80,Somme,Hauts-de-France
80350,80,Somme,Hauts-de-France
80400,80,Somme,Hauts-de-France
80450,80,Somme,Hauts-de-France
80500,80,Somme,Hauts-de-France
80550,80,Somme,Hauts-de-France
80600,80,Somme,Hauts-de-France
80650,80,Somme,Hauts-de-France
80700,80,Somme,Hauts-de-France
80750,80,Somme,Hauts-de-France
80800,80,Somme,Hauts-de-France
80850,80,Somme,Hauts-de-France
80900,80,Somme,Hauts-de-France
80950,80,Somme,Hauts-de-France
81000,81,Tarn,Occitanie
81050,81,Tarn,Occitanie
81100,81,Tarn,Occitanie
81150,81,Tarn,Occitanie
81200,81,Tarn,Occitanie
81250,81,Tarn,Occitanie
81300,81,Tarn,Occitanie
81350,81,Tarn,Occitanie
81400,81,Tarn,Occitanie
81450,81,Tarn,Occitanie
81500,81,Tarn,Occitanie
81550,81,Tarn,Occitanie
81600,81,Tarn,Occitanie
81650,81,Tarn,Occitanie
81700,81,Tarn,Occitanie
81750,81,Tarn,Occitanie
81800,81,Tarn,Occitanie
81850,81,Tarn,Occitanie
81900,81,Tarn,Occitanie
81950,81,Tarn,Occitanie
82000,82,Tarn-et-Garonne,Occitanie
82050,82,Tarn-et-Garonne,Occitanie
82100,82,Tarn-et-Garonne,Occitanie
82150,82,Tarn-et-Garonne,Occitanie
82200,82,Tarn-et-Garonne,Occitanie
82250,82,Tarn-et-Garonne,Occitanie
82300,82,Tarn-et-Garonne,Occitanie
82350,82,Tarn-et-Garonne,Occitanie
82400,82,Tarn-et-Garonne,Occitanie
82450,82,Tarn-et-Garonne,Occitanie
82500,82,Tarn-et-Garonne,Occitanie
82550,82,Tarn-et-Garonne,Occitanie
82600,82,Tarn-et-Garonne,Occitanie
82650,82,Tarn-et-Garonne,Occitanie
82700,82,Tarn-et-Garonne,Occitanie
82750,82,Tarn-et-Garonne,Occitanie
82800,82,Tarn-et-Garonne,Occitanie
82850,82,Tarn-et-Garonne,Occitanie
82900,82,Tarn-et-Garonne,Occitanie
82950,82,Tarn-et-Garonne,Occitanie
83000,83,Var,Provence-Alpes-Côte d'Azur
83050,83,Var,Provence-Alpes-Côte d'Azur
83100,83,Var,Provence-Alpes-Côte d'Azur
83150,83,Var,Provence-Alpes-Côte d'Azur
83200,83,Var,Provence-Alpes-Côte d'Azur
83250,83,Var,Provence-Alpes-Côte d'Azur
83300,83,Var,Provence-Alpes-Côte d'Azur
83350,83,Var,Provence-Alpes-Côte d'Azur
83400,83,Var,Provence-Alpes-Côte d'Azur
83450,83,Var,Provence-Alpes-Côte d'Azur
83500,83,Var,Provence-Alpes-Côte d'Azur
83550,83,Var,Provence-Alpes-Côte d'Azur
83600,83,Var,Provence-Alpes-Côte d'Azur
83650,83,Var,Provence-Alpes-Côte d'Azur
83700,83,Var,Provence-Alpes-Côte d'Azur
83750,83,Var,Provence-Alpes-Côte d'Azur
83800,83,Var,Provence-Alpes-Côte d'Azur
83850,83,Var,Provence-Alpes-Côte d'Azur
83900,83,Var,Provence-Alpes-Côte d'Azur
83950,83,Var,Provence-Alpes-Côte d'Azur
84000,84,Vaucluse,Provence-Alpes-Côte d'Azur
84050,84,Vaucluse,Provence-Alpes-Côte d'Azur
84100,84,Vaucluse,Provence-Alpes-Côte d'Azur
84150,84,Vaucluse,Provence-Alpes-Côte d'Azur
84200,84,Vaucluse,Provence-Alpes-Côte d'Azur
84250,84,Vaucluse,Provence-Alpes-Côte d'Azur
84300,84,Vaucluse,Provence-Alpes-Côte d'Azur
84350,84,Vaucluse,Provence-Alpes-Côte d'Azur
84400,84,Vaucluse,Provence-Alpes-Côte d'Azur
84450,84,Vaucluse,Provence-Alpes-Côte d'Azur
84500,84,Vaucluse,Provence-Alpes-Côte d'Azur
84550,84,Vaucluse,Provence-Alpes-Côte d'Azur
84600,84,Vaucluse,Provence-Alpes-Côte d'Azur
84650,84,Vaucluse,Provence-Alpes-Côte d'Azur
84700,84,Vaucluse,Provence-Alpes-Côte d'Azur
84750,84,Vaucluse,Provence-Alpes-Côte d'Azur
84800,84,Vaucluse,Provence-Alpes-Côte d'Azur
84850,84,Vaucluse,Provence-Alpes-Côte d'Azur
84900,84,Vaucluse,Provence-Alpes-Côte d'Azur
84950,84,Vaucluse,Provence-Alpes-Côte d'Azur
85000,85,Vendée,Pays de la Loire
85050,85,Vendée,Pays de la Loire
85100,85,Vendée,Pays de la Loire
85150,85,Vendée,Pays de la Loire
85200,85,Vendée,Pays de la Loire
85250,85,Vendée,Pays de la Loire
85300,85,Vendée,Pays de la Loire
85350,85,Vendée,Pays de la Loire
85400,85,Vendée,Pays de la Loire
85450,85,Vendée,Pays de la Loire
85500,85,Vendée,Pays de la Loire
85550,85,Vendée,Pays de la Loire
85600,85,Vendée,Pays de la Loire
85650,85,Vendée,Pays de la Loire
85700,85,Vendée,Pays de la Loire
85750,85,Vendée,Pays de la Loire
85800,85,Vendée,Pays de la Loire
85850,85,Vendée,Pays de la Loire
85900,85,Vendée,Pays de la Loire
85950,85,Vendée,Pays de la Loire
86000,86,Vienne,Nouvelle-Aquitaine
86050,86,Vienne,Nouvelle-Aquitaine
86100,86,Vienne,Nouvelle-Aquitaine
86150,86,Vienne,Nouvelle-Aquitaine
86200,86,Vienne,Nouvelle-Aquitaine
86250,86,Vienne,Nouvelle-Aquitaine
86300,86,Vienne,Nouvelle-Aquitaine
86350,86,Vienne,Nouvelle-Aquitaine
86400,86,Vienne,Nouvelle-Aquitaine
86450,86,Vienne,Nouvelle-Aquitaine
86500,86,Vienne,Nouvelle-Aquitaine
86550,86,Vienne,Nouvelle-Aquitaine
86600,86,Vienne,Nouvelle-Aquitaine
86650,86,Vienne,Nouvelle-Aquitaine
86700,86,Vienne,Nouvelle-Aquitaine
86750,86,Vienne,Nouvelle-Aquitaine
86800,86,Vienne,Nouvelle-Aquitaine
86850,86,Vienne,Nouvelle-Aquitaine
86900,86,Vienne,Nouvelle-Aquitaine
86950,86,Vienne,Nouvelle-Aquitaine
87000,87,Haute-Vienne,Nouvelle-Aquitaine
87050,87,Haute-Vienne,Nouvelle-Aquitaine
87100,87,Haute-Vienne,Nouvelle-Aquitaine
87150,87,Haute-Vienne,Nouvelle-Aquitaine
87200,87,Haute-Vienne,Nouvelle-Aquitaine
87250,87,Haute-Vienne,Nouvelle-Aquitaine
87300,87,Haute-Vienne,Nouvelle-Aquitaine
87350,87,Haute-Vienne,Nouvelle-Aquitaine
87400,87,Haute-Vienne,Nouvelle-Aquitaine
87450,87,Haute-Vienne,Nouvelle-Aquitaine
87500,87,Haute-Vienne,Nouvelle-Aquitaine
87550,87,Haute-Vienne,Nouvelle-Aquitaine
87600,87,Haute-Vienne,Nouvelle-Aquitaine
87650,87,Haute-Vienne,Nouvelle-Aquitaine
87700,87,Haute-Vienne,Nouvelle-Aquitaine
87750,87,Haute-Vienne,Nouvelle-Aquitaine
87800,87,Haute-Vienne,Nouvelle-Aquitaine
87850,87,Haute-Vienne,Nouvelle-Aquitaine
87900,87,Haute-Vienne,Nouvelle-Aquitaine
87950,87,Haute-Vienne,Nouvelle-Aquitaine
88000,88,Vosges,Grand Est
88050,88,Vosges,Grand Est
88100,88,Vosges,Grand Est
88150,88,Vosges,Grand Est
88200,88,Vosges,Grand Est
88250,88,Vosges,Grand Est
88300,88,Vosges,Grand Est
88350,88,Vosges,Grand Est
88400,88,Vosges,Grand Est
88450,88,Vosges,Grand Est
88500,88,Vosges,Grand Est
88550,88,Vosges,Grand Est
88600,88,Vosges,Grand Est
88650,88,Vosges,Grand Est
88700,88,Vosges,Grand Est
88750,88,Vosges,Grand Est
88800,88,Vosges,Grand Est
88850,88,Vosges,Grand Est
88900,88,Vosges,Grand Est
88950,88,Vosges,Grand Est
89000,89,Yonne,Bourgogne-Franche-Comté
89050,89,Yonne,Bourgogne-Franche-Comté
89100,89,Yonne,Bourgogne-Franche-Comté
89150,89,Yonne,Bourgogne-Franche-Comté
89200,89,Yonne,Bourgogne-Franche-Comté
89250,89,Yonne,Bourgogne-Franche-Comté
89300,89,Yonne,Bourgogne-Franche-Comté
89350,89,Yonne,Bourgogne-Franche-Comté
89400,89,Yonne,Bourgogne-Franche-Comté
89450,89,Yonne,Bourgogne-Franche-Comté
89500,89,Yonne,Bourgogne-Franche-Comté
89550,89,Yonne,Bourgogne-Franche-Comté
89600,89,Yonne,Bourgogne-Franche-Comté
89650,89,Yonne,Bourgogne-Franche-Comté
89700,89,Yonne,Bourgogne-Franche-Comté
89750,89,Yonne,Bourgogne-Franche-Comté
89800,89,Yonne,Bourgogne-Franche-Comté
89850,89,Yonne,Bourgogne-Franche-Comté
89900,89,Yonne,Bourgogne-Franche-Comté
89950,89,Yonne,Bourgogne-Franche-Comté
90000,90,Territoire de Belfort,Bourgogne-Franche-Comté
90050,90,Territoire de Belfort,Bourgogne-Franche-Comté
90100,90,Territoire de Belfort,Bourgogne-Franche-Comté
90150,90,Territoire de Belfort,Bourgogne-Franche-Comté
90200,90,Territoire de Belfort,Bourgogne-Franche-Comté
90250,90,Territoire de Belfort,Bourgogne-Franche-Comté
90300,90,Territoire de Belfort,Bourgogne-Franche-Comté
90350,90,Territoire de Belfort,Bourgogne-Franche-Comté
90400,90,Territoire de Belfort,Bourgogne-Franche-Comté
90450,90,Territoire de Belfort,Bourgogne-Franche-Comté
90500,90,Territoire de Belfort,Bourgogne-Franche-Comté
90550,90,Territoire de Belfort,Bourgogne-Franche-Comté
90600,90,Territoire de Belfort,Bourgogne-Franche-Comté
90650,90,Territoire de Belfort,Bourgogne-Franche-Comté
90700,90,Territoire de Belfort,Bourgogne-Franche-Comté
90750,90,Territoire de Belfort,Bourgogne-Franche-Comté
90800,90,Territoire de Belfort,Bourgogne-Franche-Comté
90850,90,Territoire de Belfort,Bourgogne-Franche-Comté
90900,90,Territoire de Belfort,Bourgogne-Franche-Comté
90950,90,Territoire de Belfort,Bourgogne-Franche-Comté
91000,91,Essonne,Île-de-France
91050,91,Essonne,Île-de-France
91100,91,Essonne,Île-de-France
91150,91,Essonne,Île-de-France
91200,91,Essonne,Île-de-France
91250,91,Essonne,Île-de-France
91300,91,Essonne,Île-de-France
91350,91,Essonne,Île-de-France
91400,91,Essonne,Île-de-France
91450,91,Essonne,Île-de-France
91500,91,Essonne,Île-de-France
91550,91,Essonne,Île-de-France
91600,91,Essonne,Île-de-France
91650,91,Essonne,Île-de-France
91700,91,Essonne,Île-de-France
91750,91,Essonne,Île-de-France
91800,91,Essonne,Île-de-France
91850,91,Essonne,Île-de-France
91900,91,Essonne,Île-de-France
91950,91,Essonne,Île-de-France
92000,92,Hauts-de-Seine,Île-de-France
92050,92,Hauts-de-Seine,Île-de-France
92100,92,Hauts-de-Seine,Île-de-France
92150,92,Hauts-de-Seine,Île-de-France
92200,92,Hauts-de-Seine,Île-de-France
92250,92,Hauts-de-Seine,Île-de-France
92300,92,Hauts-de-Seine,Île-de-France
92350,92,Hauts-de-Seine,Île-de-France
92400,92,Hauts-de-Seine,Île-de-France
92450,92,Hauts-de-Seine,Île-de-France
92500,92,Hauts-de-Seine,Île-de-France
92550,92,Hauts-de-Seine,Île-de-France
92600,92,Hauts-de-Seine,Île-de-France
92650,92,Hauts-de-Seine,Île-de-France
92700,92,Hauts-de-Seine,Île-de-France
92750,92,Hauts-de-Seine,Île-de-France
92800,92,Hauts-de-Seine,Île-de-France
92850,92,Hauts-de-Seine,Île-de-France
92900,92,Hauts-de-Seine,Île-de-France
92950,92,Hauts-de-Seine,Île-de-France
93000,93,Seine-Saint-Denis,Île-de-France
93050,93,Seine-Saint-Denis,Île-de-France
93100,93,Seine-Saint-Denis,Île-de-France
93150,93,Seine-Saint-Denis,Île-de-France
93200,93,Seine-Saint-Denis,Île-de-France
93250,93,Seine-Saint-Denis,Île-de-France
93300,93,Seine-Saint-Denis,Île-de-France
93350,93,Seine-Saint-Denis,Île-de-France
93400,93,Seine-Saint-Denis,Île-de-France
93450,93,Seine-Saint-Denis,Île-de-France
93500,93,Seine-Saint-Denis,Île-de-France
93550,93,Seine-Saint-Denis,Île-de-France
93600,93,Seine-Saint-Denis,Île-de-France
93650,93,Seine-Saint-Denis,Île-de-France
93700,93,Seine-Saint-Denis,Île-de-France
93750,93,Seine-Saint-Denis,Île-de-France
93800,93,Seine-Saint-Denis,Île-de-France
93850,93,Seine-Saint-Denis,Île-de-France
93900,93,Seine-Saint-Denis,Île-de-France
93950,93,Seine-Saint-Denis,Île-de-France
94000,94,Val-de-Marne,Île-de-France
94050,94,Val-de-Marne,Île-de-France
94100,94,Val-de-Marne,Île-de-France
94150,94,Val-de-Marne,Île-de-France
94200,94,Val-de-Marne,Île-de-France
94250,94,Val-de-Marne,Île-de-France
94300,94,Val-de-Marne,Île-de-France
94350,94,Val-de-Marne,Île-de-France
94400,94,Val-de-Marne,Île-de-France
94450,94,Val-de-Marne,Île-de-France
94500,94,Val-de-Marne,Île-de-France
94550,94,Val-de-Marne,Île-de-France
94600,94,Val-de-Marne,Île-de-France
94650,94,Val-de-Marne,Île-de-France
94700,94,Val-de-Marne,Île-de-France
94750,94,Val-de-Marne,Île-de-France
94800,94,Val-de-Marne,Île-de-France
94850,94,Val-de-Marne,Île-de-France
94900,94,Val-de-Marne,Île-de-France
94950,94,Val-de-Marne,Île-de-France
95000,95,Val-d'Oise,Île-de-France
95050,95,Val-d'Oise,Île-de-France
95100,95,Val-d'Oise,Île-de-France
95150,95,Val-d'Oise,Île-de-France
95200,95,Val-d'Oise,Île-de-France
95250,95,Val-d'Oise,Île-de-France
95300,95,Val-d'Oise,Île-de-France
95350,95,Val-d'Oise,Île-de-France
95400,95,Val-d'Oise,Île-de-France
95450,95,Val-d'Oise,Île-de-France
95500,95,Val-d'Oise,Île-de-France
95550,95,Val-d'Oise,Île-de-France
95600,95,Val-d'Oise,Île-de-France
95650,95,Val-d'Oise,Île-de-France
95700,95,Val-d'Oise,Île-de-France
95750,95,Val-d'Oise,Île-de-France
95800,95,Val-d'Oise,Île-de-France
95850,95,Val-d'Oise,Île-de-France
95900,95,Val-d'Oise,Île-de-France
95950,95,Val-d'Oise,Île-de-France
