ANNEE,ENERGIE,VOLUME_VN_MILLIERS,PART_MARCHE_PCT,SOURCE,URL_SOURCE
2021,Essence,733.4,47.7,SDES - Immatriculations de véhicules routiers,https://www.statistiques.developpement-durable.gouv.fr/immatriculation-des-vehicules-routiers
2021,Diesel,398.2,25.9,SDES - Immatriculations de véhicules routiers,https://www.statistiques.developpement-durable.gouv.fr/immatriculation-des-vehicules-routiers
2021,Hybride (HEV/MHEV),241.8,15.7,SDES - Immatriculations de véhicules routiers,https://www.statistiques.developpement-durable.gouv.fr/immatriculation-des-vehicules-routiers
2021,Hybride Rechargeable,138.1,9.0,SDES - Immatriculations de véhicules routiers,https://www.statistiques.developpement-durable.gouv.fr/immatriculation-des-vehicules-routiers
2021,Électrique,27.4,1.7,SDES - Immatriculations de véhicules routiers,https://www.statistiques.developpement-durable.gouv.fr/immatriculation-des-vehicules-routiers
2022,Essence,539.4,43.9,SDES - Immatriculations de véhicules routiers,https://www.statistiques.developpement-durable.gouv.fr/immatriculation-des-vehicules-routiers
2022,Diesel,253.7,20.6,SDES - Immatriculations de véhicules routiers,https://www.statistiques.developpement-durable.gouv.fr/immatriculation-des-vehicules-routiers
2022,Hybride (HEV/MHEV),259.4,21.1,SDES - Immatriculations de véhicules routiers,https://www.statistiques.developpement-durable.gouv.fr/immatriculation-des-vehicules-routiers
2022,Hybride Rechargeable,102.5,8.3,SDES - Immatriculations de véhicules routiers,https://www.statistiques.developpement-durable.gouv.fr/immatriculation-des-vehicules-routiers
2022,Électrique,77.7,6.1,SDES - Immatriculations de véhicules routiers,https://www.statistiques.developpement-durable.gouv.fr/immatriculation-des-vehicules-routiers
2023,Essence,598.1,42.2,SDES - Immatriculations de véhicules routiers,https://www.statistiques.developpement-durable.gouv.fr/immatriculation-des-vehicules-routiers
2023,Diesel,230.8,16.3,SDES - Immatriculations de véhicules routiers,https://www.statistiques.developpement-durable.gouv.fr/immatriculation-des-vehicules-routiers
2023,Hybride (HEV/MHEV),347.9,24.5,SDES - Immatriculations de véhicules routiers,https://www.statistiques.developpement-durable.gouv.fr/immatriculation-des-vehicules-routiers
2023,Hybride Rechargeable,89.3,6.3,SDES - Immatriculations de véhicules routiers,https://www.statistiques.developpement-durable.gouv.fr/immatriculation-des-vehicules-routiers
2023,Électrique,152.6,10.7,SDES - Immatriculations de véhicules routiers,https://www.statistiques.developpement-durable.gouv.fr/immatriculation-des-vehicules-routiers
2024,Essence,576.0,41.5,SDES - Immatriculations de véhicules routiers,https://www.statistiques.developpement-durable.gouv.fr/immatriculation-des-vehicules-routiers
2024,Diesel,200.0,14.4,SDES - Immatriculations de véhicules routiers,https://www.statistiques.developpement-durable.gouv.fr/immatriculation-des-vehicules-routiers
2024,Hybride (HEV/MHEV),390.0,28.1,SDES - Immatriculations de véhicules routiers,https://www.statistiques.developpement-durable.gouv.fr/immatriculation-des-vehicules-routiers
2024,Hybride Rechargeable,55.0,4.0,SDES - Immatriculations de véhicules routiers,https://www.statistiques.developpement-durable.gouv.fr/immatriculation-des-vehicules-routiers
2024,Électrique,167.0,12.0,SDES - Immatriculations de véhicules routiers,https://www.statistiques.developpement-durable.gouv.fr/immatriculation-des-vehicules-routiers
